,group_size,n_sources,heuristic_size,reliability_mean,reliability_range,n_samples,group_type,procedure,accuracy,precision,diversity,average
0,1001,17,5,0.55,0.2,100,diverse,aggregation,0.6637427524998297,,,0.5940274281669259
1,1001,17,5,0.55,0.2,100,diverse,aggregation,0.6637513646082298,,,0.5953427830043493
2,1001,17,5,0.55,0.2,100,diverse,aggregation,0.6637427524998297,,,0.5950521459491439
3,1001,17,5,0.55,0.2,100,diverse,aggregation,0.6637427524998297,,,0.5906422720870439
4,1001,17,5,0.55,0.2,100,diverse,aggregation,0.6637427524998297,,,0.5923227981228977
5,1001,17,5,0.55,0.2,100,diverse,aggregation,0.6637427524998297,,,0.5930747670127725
6,1001,17,5,0.55,0.2,100,diverse,aggregation,0.6637427524998297,,,0.593019798979707
7,1001,17,5,0.55,0.2,100,diverse,aggregation,0.6637473302271001,,,0.5930433565110429
8,1001,17,5,0.55,0.2,100,diverse,aggregation,0.6637427524998297,,,0.5930653035745994
9,1001,17,5,0.55,0.2,100,diverse,aggregation,0.6637427524998297,,,0.5920452409742359
10,1001,17,5,0.55,0.2,100,diverse,aggregation,0.6637427524998297,,,0.5929050667838024
11,1001,17,5,0.55,0.2,100,diverse,aggregation,0.6637427524998297,,,0.5962418342326621
12,1001,17,5,0.55,0.2,100,diverse,aggregation,0.6637427524998297,,,0.5931540906334877
13,1001,17,5,0.55,0.2,100,diverse,aggregation,0.6637427524998297,,,0.5939682620967901
14,1001,17,5,0.55,0.2,100,diverse,aggregation,0.6637427524998297,,,0.5940358653260803
15,1001,17,5,0.55,0.2,100,diverse,aggregation,0.6637314886228777,,,0.5922715719820952
16,1001,17,5,0.55,0.2,100,diverse,aggregation,0.6637427524998297,,,0.5931099489719266
17,1001,17,5,0.55,0.2,100,diverse,aggregation,0.6637427524998297,,,0.5940396896127554
18,1001,17,5,0.55,0.2,100,diverse,aggregation,0.6637427524998297,,,0.5942475567322084
19,1001,17,5,0.55,0.2,100,diverse,aggregation,0.6637427524998297,,,0.592587403588843
20,1001,17,5,0.55,0.2,100,diverse,aggregation,0.6637247136101285,,,0.5925054572508791
21,1001,17,5,0.55,0.2,100,diverse,aggregation,0.6637427524998297,,,0.5937064460039474
22,1001,17,5,0.55,0.2,100,diverse,aggregation,0.6637427524998297,,,0.5926798808143762
23,1001,17,5,0.55,0.2,100,diverse,aggregation,0.6637427524998297,,,0.5947721906529752
24,1001,17,5,0.55,0.2,100,diverse,aggregation,0.6637427524998297,,,0.5942765621609838
25,1001,17,5,0.55,0.2,100,diverse,aggregation,0.6637427524998297,,,0.5943846737338591
26,1001,17,5,0.55,0.2,100,diverse,aggregation,0.6637427524998297,,,0.5939381303632892
27,1001,17,5,0.55,0.2,100,diverse,aggregation,0.6637427524998297,,,0.593601769918924
28,1001,17,5,0.55,0.2,100,diverse,aggregation,0.6637427524998297,,,0.5942226784275296
29,1001,17,5,0.55,0.2,100,diverse,aggregation,0.6637427524998297,,,0.5932850439331179
30,1001,17,5,0.55,0.2,100,diverse,aggregation,0.6637427524998297,,,0.5963280986969575
31,1001,17,5,0.55,0.2,100,diverse,aggregation,0.6637427524998297,,,0.5929865375889981
32,1001,17,5,0.55,0.2,100,diverse,aggregation,0.6637427524998297,,,0.5943351889778924
33,1001,17,5,0.55,0.2,100,diverse,aggregation,0.6637427524998297,,,0.5939781639789655
34,1001,17,5,0.55,0.2,100,diverse,aggregation,0.6637427524998297,,,0.5921213523567498
35,1001,17,5,0.55,0.2,100,diverse,aggregation,0.6637427524998297,,,0.5936501763470906
36,1001,17,5,0.55,0.2,100,diverse,aggregation,0.6637427524998297,,,0.5929763141966677
37,1001,17,5,0.55,0.2,100,diverse,aggregation,0.6637427524998297,,,0.5938993706696136
38,1001,17,5,0.55,0.2,100,diverse,aggregation,0.6637447509876024,,,0.5945410041752683
39,1001,17,5,0.55,0.2,100,diverse,aggregation,0.6637332719882184,,,0.5924186114489759
40,1001,17,5,0.55,0.2,100,diverse,aggregation,0.6637427524998297,,,0.5934325725501307
41,1001,17,5,0.55,0.2,100,diverse,aggregation,0.6637534941643897,,,0.5955874885612437
42,1001,17,5,0.55,0.2,100,diverse,aggregation,0.6637427524998297,,,0.5930559080811768
43,1001,17,5,0.55,0.2,100,diverse,aggregation,0.6637215361437124,,,0.5933754437005866
44,1001,17,5,0.55,0.2,100,diverse,aggregation,0.6637427524998297,,,0.5940059911005745
45,1001,17,5,0.55,0.2,100,diverse,aggregation,0.6637427524998297,,,0.5955037997482255
46,1001,17,5,0.55,0.2,100,diverse,aggregation,0.6637427524998297,,,0.5959397841757853
47,1001,17,5,0.55,0.2,100,diverse,aggregation,0.6637427524998297,,,0.5921362767633979
48,1001,17,5,0.55,0.2,100,diverse,aggregation,0.6637427524998297,,,0.5904716224522549
49,1001,17,5,0.55,0.2,100,diverse,aggregation,0.6637427524998297,,,0.5921344861833724
50,1001,17,5,0.55,0.2,100,diverse,aggregation,0.6637427524998297,,,0.5918922324398016
51,1001,17,5,0.55,0.2,100,diverse,aggregation,0.6637427524998297,,,0.5918130968488301
52,1001,17,5,0.55,0.2,100,diverse,aggregation,0.6637427524998297,,,0.5908325364278058
53,1001,17,5,0.55,0.2,100,diverse,aggregation,0.6637427524998297,,,0.5913356529255658
54,1001,17,5,0.55,0.2,100,diverse,aggregation,0.6637427524998297,,,0.5938130881478143
55,1001,17,5,0.55,0.2,100,diverse,aggregation,0.6637270937078601,,,0.5925496586537242
56,1001,17,5,0.55,0.2,100,diverse,aggregation,0.6637427524998297,,,0.5916969733678188
57,1001,17,5,0.55,0.2,100,diverse,aggregation,0.6637427524998297,,,0.5939784758478828
58,1001,17,5,0.55,0.2,100,diverse,aggregation,0.6637427524998297,,,0.593556428894592
59,1001,17,5,0.55,0.2,100,diverse,aggregation,0.66374162501119,,,0.591726237544804
60,1001,17,5,0.55,0.2,100,diverse,aggregation,0.6637427524998297,,,0.5916423266735708
61,1001,17,5,0.55,0.2,100,diverse,aggregation,0.6637586175275071,,,0.5962349611588365
62,1001,17,5,0.55,0.2,100,diverse,aggregation,0.6637427524998297,,,0.5930249456390778
63,1001,17,5,0.55,0.2,100,diverse,aggregation,0.6637818480982118,,,0.5919068280590261
64,1001,17,5,0.55,0.2,100,diverse,aggregation,0.6637427524998297,,,0.5926922565703341
65,1001,17,5,0.55,0.2,100,diverse,aggregation,0.6637427524998297,,,0.5914256454031809
66,1001,17,5,0.55,0.2,100,diverse,aggregation,0.6637427524998297,,,0.5919973957469534
67,1001,17,5,0.55,0.2,100,diverse,aggregation,0.6637427524998297,,,0.593990751559232
68,1001,17,5,0.55,0.2,100,diverse,aggregation,0.6637427524998297,,,0.5930308959851186
69,1001,17,5,0.55,0.2,100,diverse,aggregation,0.6637427524998297,,,0.5951673090989823
70,1001,17,5,0.55,0.2,100,diverse,aggregation,0.6637427524998297,,,0.5919912866784096
71,1001,17,5,0.55,0.2,100,diverse,aggregation,0.6637427524998297,,,0.5924203040660514
72,1001,17,5,0.55,0.2,100,diverse,aggregation,0.6637427524998297,,,0.5929957433295466
73,1001,17,5,0.55,0.2,100,diverse,aggregation,0.6637270562453468,,,0.5924192822710738
74,1001,17,5,0.55,0.2,100,diverse,aggregation,0.6637427524998297,,,0.5929945084127299
75,1001,17,5,0.55,0.2,100,diverse,aggregation,0.663753789799837,,,0.5964063872169092
76,1001,17,5,0.55,0.2,100,diverse,aggregation,0.6637427524998297,,,0.5920768087558196
77,1001,17,5,0.55,0.2,100,diverse,aggregation,0.6637427524998297,,,0.5925051318237428
78,1001,17,5,0.55,0.2,100,diverse,aggregation,0.6637427524998297,,,0.5953728702102342
79,1001,17,5,0.55,0.2,100,diverse,aggregation,0.6637427524998297,,,0.5922795730209733
80,1001,17,5,0.55,0.2,100,diverse,aggregation,0.6637427524998297,,,0.591870079315826
81,1001,17,5,0.55,0.2,100,diverse,aggregation,0.6637427524998297,,,0.5917331850424967
82,1001,17,5,0.55,0.2,100,diverse,aggregation,0.6637427524998297,,,0.5921610547588398
83,1001,17,5,0.55,0.2,100,diverse,aggregation,0.6637427524998297,,,0.5909135617507494
84,1001,17,5,0.55,0.2,100,diverse,aggregation,0.6637427524998297,,,0.5936306312986331
85,1001,17,5,0.55,0.2,100,diverse,aggregation,0.6637499407305634,,,0.5954331581748331
86,1001,17,5,0.55,0.2,100,diverse,aggregation,0.6637427524998297,,,0.593274185337368
87,1001,17,5,0.55,0.2,100,diverse,aggregation,0.6637409027209402,,,0.5947409463674755
88,1001,17,5,0.55,0.2,100,diverse,aggregation,0.6637427524998297,,,0.5921418986896895
89,1001,17,5,0.55,0.2,100,diverse,aggregation,0.6637325279830663,,,0.5904171328640843
90,1001,17,5,0.55,0.2,100,diverse,aggregation,0.6637427524998297,,,0.5952128306136004
91,1001,17,5,0.55,0.2,100,diverse,aggregation,0.6637427524998297,,,0.5946240215716901
92,1001,17,5,0.55,0.2,100,diverse,aggregation,0.6637427524998297,,,0.5929033246898369
93,1001,17,5,0.55,0.2,100,diverse,aggregation,0.6637427524998297,,,0.5914429039966383
94,1001,17,5,0.55,0.2,100,diverse,aggregation,0.6637225904056715,,,0.5921890469771929
95,1001,17,5,0.55,0.2,100,diverse,aggregation,0.6637427524998297,,,0.5949511413909578
96,1001,17,5,0.55,0.2,100,diverse,aggregation,0.6637549946137135,,,0.5947367084618265
97,1001,17,5,0.55,0.2,100,diverse,aggregation,0.6637427524998297,,,0.5926910578148661
98,1001,17,5,0.55,0.2,100,diverse,aggregation,0.6637427524998297,,,0.5934281434678604
99,1001,17,5,0.55,0.2,100,diverse,aggregation,0.6637427524998297,,,0.5933204372300065
100,1001,17,5,0.55,0.2,100,restricted_10,aggregation,0.6643514294303771,,,0.6012321367676515
101,1001,17,5,0.55,0.2,100,restricted_10,aggregation,0.6666823735996872,,,0.6028184536605974
102,1001,17,5,0.55,0.2,100,restricted_10,aggregation,0.6643679582645742,,,0.601069425221995
103,1001,17,5,0.55,0.2,100,restricted_10,aggregation,0.6646892056486245,,,0.6025541241638003
104,1001,17,5,0.55,0.2,100,restricted_10,aggregation,0.6656150141951491,,,0.6021104150707692
105,1001,17,5,0.55,0.2,100,restricted_10,aggregation,0.6680305144009557,,,0.6037123830954203
106,1001,17,5,0.55,0.2,100,restricted_10,aggregation,0.6658007873999019,,,0.6028402672937415
107,1001,17,5,0.55,0.2,100,restricted_10,aggregation,0.6656877422868587,,,0.6025675562492928
108,1001,17,5,0.55,0.2,100,restricted_10,aggregation,0.6641756041060647,,,0.600987702867811
109,1001,17,5,0.55,0.2,100,restricted_10,aggregation,0.6639259943057656,,,0.600473191186865
110,1001,17,5,0.55,0.2,100,restricted_10,aggregation,0.6637529615426662,,,0.5993026635650727
111,1001,17,5,0.55,0.2,100,restricted_10,aggregation,0.6675842210844876,,,0.6035334886384368
112,1001,17,5,0.55,0.2,100,restricted_10,aggregation,0.6652990702653169,,,0.6024782801695376
113,1001,17,5,0.55,0.2,100,restricted_10,aggregation,0.664997785491573,,,0.6013857382119834
114,1001,17,5,0.55,0.2,100,restricted_10,aggregation,0.6653739146041381,,,0.6010756027858861
115,1001,17,5,0.55,0.2,100,restricted_10,aggregation,0.6644436868334458,,,0.6008630104429263
116,1001,17,5,0.55,0.2,100,restricted_10,aggregation,0.6652682911640737,,,0.6019851645357817
117,1001,17,5,0.55,0.2,100,restricted_10,aggregation,0.6638855861432523,,,0.6000610623043949
118,1001,17,5,0.55,0.2,100,restricted_10,aggregation,0.6645838582795853,,,0.6004674251749229
119,1001,17,5,0.55,0.2,100,restricted_10,aggregation,0.6652313421455588,,,0.6006817546747688
120,1001,17,5,0.55,0.2,100,restricted_10,aggregation,0.670920306364796,,,0.6053475863168816
121,1001,17,5,0.55,0.2,100,restricted_10,aggregation,0.6656138194056579,,,0.6024892060716386
122,1001,17,5,0.55,0.2,100,restricted_10,aggregation,0.666252237970564,,,0.601819910506364
123,1001,17,5,0.55,0.2,100,restricted_10,aggregation,0.6649422565714449,,,0.6023176973203799
124,1001,17,5,0.55,0.2,100,restricted_10,aggregation,0.6648548694168397,,,0.6014584127682622
125,1001,17,5,0.55,0.2,100,restricted_10,aggregation,0.6648192322624475,,,0.6021664666687074
126,1001,17,5,0.55,0.2,100,restricted_10,aggregation,0.6647148534262586,,,0.6015562497170799
127,1001,17,5,0.55,0.2,100,restricted_10,aggregation,0.6639986010798905,,,0.6007922383829551
128,1001,17,5,0.55,0.2,100,restricted_10,aggregation,0.6656861418980639,,,0.6030559151297923
129,1001,17,5,0.55,0.2,100,restricted_10,aggregation,0.667305326406435,,,0.6036816245723272
130,1001,17,5,0.55,0.2,100,restricted_10,aggregation,0.6640040526475995,,,0.6005962286864748
131,1001,17,5,0.55,0.2,100,restricted_10,aggregation,0.6670904221741961,,,0.6032575477488822
132,1001,17,5,0.55,0.2,100,restricted_10,aggregation,0.6647672578468861,,,0.6012769366119721
133,1001,17,5,0.55,0.2,100,restricted_10,aggregation,0.6646902586624529,,,0.6016308235758384
134,1001,17,5,0.55,0.2,100,restricted_10,aggregation,0.6641044171855992,,,0.600588172385476
135,1001,17,5,0.55,0.2,100,restricted_10,aggregation,0.6643469682480944,,,0.6017312003292119
136,1001,17,5,0.55,0.2,100,restricted_10,aggregation,0.6648069270937257,,,0.6020761726566892
137,1001,17,5,0.55,0.2,100,restricted_10,aggregation,0.6649393397447764,,,0.6012526527500821
138,1001,17,5,0.55,0.2,100,restricted_10,aggregation,0.6658273562496877,,,0.602614283683236
139,1001,17,5,0.55,0.2,100,restricted_10,aggregation,0.6645613400811025,,,0.6016458627230925
140,1001,17,5,0.55,0.2,100,restricted_10,aggregation,0.6642363542582559,,,0.6022362054931154
141,1001,17,5,0.55,0.2,100,restricted_10,aggregation,0.6650156442645084,,,0.6000223234169397
142,1001,17,5,0.55,0.2,100,restricted_10,aggregation,0.666255756471478,,,0.6019430438750704
143,1001,17,5,0.55,0.2,100,restricted_10,aggregation,0.6639121485199808,,,0.599863852148828
144,1001,17,5,0.55,0.2,100,restricted_10,aggregation,0.6666533243610624,,,0.6033469960739946
145,1001,17,5,0.55,0.2,100,restricted_10,aggregation,0.6645807074814045,,,0.6011275079229853
146,1001,17,5,0.55,0.2,100,restricted_10,aggregation,0.6674201368087973,,,0.6040613303688501
147,1001,17,5,0.55,0.2,100,restricted_10,aggregation,0.6652067960502845,,,0.6022583134614411
148,1001,17,5,0.55,0.2,100,restricted_10,aggregation,0.664241559384668,,,0.6013083851701279
149,1001,17,5,0.55,0.2,100,restricted_10,aggregation,0.6651544489986093,,,0.6017015557983277
150,1001,17,5,0.55,0.2,100,restricted_10,aggregation,0.6639621117981451,,,0.6017480341265182
151,1001,17,5,0.55,0.2,100,restricted_10,aggregation,0.6675821016030222,,,0.6031208388931627
152,1001,17,5,0.55,0.2,100,restricted_10,aggregation,0.6737676170896466,,,0.6059505807857916
153,1001,17,5,0.55,0.2,100,restricted_10,aggregation,0.6645503705520944,,,0.6006667157708016
154,1001,17,5,0.55,0.2,100,restricted_10,aggregation,0.6693510958987112,,,0.6037096947571473
155,1001,17,5,0.55,0.2,100,restricted_10,aggregation,0.6640496749229142,,,0.6002056129222343
156,1001,17,5,0.55,0.2,100,restricted_10,aggregation,0.664837356090206,,,0.6016527424181045
157,1001,17,5,0.55,0.2,100,restricted_10,aggregation,0.6668910941235199,,,0.6027773263211399
158,1001,17,5,0.55,0.2,100,restricted_10,aggregation,0.6641520518957651,,,0.6008977964613513
159,1001,17,5,0.55,0.2,100,restricted_10,aggregation,0.6639731797180206,,,0.6001835811271251
160,1001,17,5,0.55,0.2,100,restricted_10,aggregation,0.6649638996014754,,,0.6025152075853835
161,1001,17,5,0.55,0.2,100,restricted_10,aggregation,0.6644098800092356,,,0.6015024601710547
162,1001,17,5,0.55,0.2,100,restricted_10,aggregation,0.664505098486291,,,0.6011827365090966
163,1001,17,5,0.55,0.2,100,restricted_10,aggregation,0.6638650432369658,,,0.5994844457885866
164,1001,17,5,0.55,0.2,100,restricted_10,aggregation,0.6652126037765499,,,0.6026130008449804
165,1001,17,5,0.55,0.2,100,restricted_10,aggregation,0.6638917399114798,,,0.6011387160867698
166,1001,17,5,0.55,0.2,100,restricted_10,aggregation,0.6651078873531419,,,0.601195831535408
167,1001,17,5,0.55,0.2,100,restricted_10,aggregation,0.6640451294894107,,,0.6013253543264598
168,1001,17,5,0.55,0.2,100,restricted_10,aggregation,0.6637755230086199,,,0.6003276761977038
169,1001,17,5,0.55,0.2,100,restricted_10,aggregation,0.6640214675452724,,,0.60124842366069
170,1001,17,5,0.55,0.2,100,restricted_10,aggregation,0.6646804424321601,,,0.6016868905136613
171,1001,17,5,0.55,0.2,100,restricted_10,aggregation,0.6677639461159108,,,0.6036625939167036
172,1001,17,5,0.55,0.2,100,restricted_10,aggregation,0.6648136718880788,,,0.601984916285497
173,1001,17,5,0.55,0.2,100,restricted_10,aggregation,0.6677775087149628,,,0.603118097524424
174,1001,17,5,0.55,0.2,100,restricted_10,aggregation,0.6687511990075338,,,0.604114760318417
175,1001,17,5,0.55,0.2,100,restricted_10,aggregation,0.6664772510996282,,,0.6020794993428203
176,1001,17,5,0.55,0.2,100,restricted_10,aggregation,0.6644570122072394,,,0.601516350811664
177,1001,17,5,0.55,0.2,100,restricted_10,aggregation,0.6658362598360398,,,0.601320370354743
178,1001,17,5,0.55,0.2,100,restricted_10,aggregation,0.6657668812134441,,,0.6020348393635175
179,1001,17,5,0.55,0.2,100,restricted_10,aggregation,0.667425804886999,,,0.6040385895476595
180,1001,17,5,0.55,0.2,100,restricted_10,aggregation,0.6639546579732928,,,0.6011785405896596
181,1001,17,5,0.55,0.2,100,restricted_10,aggregation,0.6658005307824036,,,0.6031198797186701
182,1001,17,5,0.55,0.2,100,restricted_10,aggregation,0.6645671287314011,,,0.6019381252798717
183,1001,17,5,0.55,0.2,100,restricted_10,aggregation,0.6645846978731546,,,0.6025198885148056
184,1001,17,5,0.55,0.2,100,restricted_10,aggregation,0.6667314288884648,,,0.6032759334726554
185,1001,17,5,0.55,0.2,100,restricted_10,aggregation,0.6646543204986249,,,0.6013058972070412
186,1001,17,5,0.55,0.2,100,restricted_10,aggregation,0.6659654575474904,,,0.6021858315890652
187,1001,17,5,0.55,0.2,100,restricted_10,aggregation,0.6657762661094375,,,0.6022050306779403
188,1001,17,5,0.55,0.2,100,restricted_10,aggregation,0.664423836297607,,,0.6021748840063746
189,1001,17,5,0.55,0.2,100,restricted_10,aggregation,0.665928099383592,,,0.6026158925169071
190,1001,17,5,0.55,0.2,100,restricted_10,aggregation,0.6648550595835975,,,0.601300594404375
191,1001,17,5,0.55,0.2,100,restricted_10,aggregation,0.6644468340299151,,,0.6011319360869845
192,1001,17,5,0.55,0.2,100,restricted_10,aggregation,0.6668603802930784,,,0.6036559175181508
193,1001,17,5,0.55,0.2,100,restricted_10,aggregation,0.6649381090904969,,,0.6025980402038149
194,1001,17,5,0.55,0.2,100,restricted_10,aggregation,0.6646264759682868,,,0.601968758084567
195,1001,17,5,0.55,0.2,100,restricted_10,aggregation,0.6654843014714974,,,0.6025464332481485
196,1001,17,5,0.55,0.2,100,restricted_10,aggregation,0.6646913950473766,,,0.6021240585811893
197,1001,17,5,0.55,0.2,100,restricted_10,aggregation,0.6638962896318577,,,0.6009047172840589
198,1001,17,5,0.55,0.2,100,restricted_10,aggregation,0.6654473811944746,,,0.6025743911831577
199,1001,17,5,0.55,0.2,100,restricted_10,aggregation,0.6661413930215264,,,0.602110250605108
200,1001,17,5,0.55,0.2,100,restricted_20,aggregation,0.6810404670553235,,,0.6091513126863373
201,1001,17,5,0.55,0.2,100,restricted_20,aggregation,0.6816532097129375,,,0.6093647554587749
202,1001,17,5,0.55,0.2,100,restricted_20,aggregation,0.6811926589882669,,,0.6089648499553426
203,1001,17,5,0.55,0.2,100,restricted_20,aggregation,0.6793582775477933,,,0.6085955011285102
204,1001,17,5,0.55,0.2,100,restricted_20,aggregation,0.6779241195918871,,,0.6080925395661468
205,1001,17,5,0.55,0.2,100,restricted_20,aggregation,0.6823506413022938,,,0.6094700193214991
206,1001,17,5,0.55,0.2,100,restricted_20,aggregation,0.6818896144516313,,,0.60909848978841
207,1001,17,5,0.55,0.2,100,restricted_20,aggregation,0.6756682257638538,,,0.6070461222999415
208,1001,17,5,0.55,0.2,100,restricted_20,aggregation,0.679518194219627,,,0.608635692254523
209,1001,17,5,0.55,0.2,100,restricted_20,aggregation,0.6783909529687143,,,0.6083318111892991
210,1001,17,5,0.55,0.2,100,restricted_20,aggregation,0.6786725557097427,,,0.6084453817721587
211,1001,17,5,0.55,0.2,100,restricted_20,aggregation,0.674632312224844,,,0.6068265083561459
212,1001,17,5,0.55,0.2,100,restricted_20,aggregation,0.6821273047607238,,,0.6098348291119283
213,1001,17,5,0.55,0.2,100,restricted_20,aggregation,0.6827680438838499,,,0.6097052581811501
214,1001,17,5,0.55,0.2,100,restricted_20,aggregation,0.6832553245163079,,,0.6101015186979769
215,1001,17,5,0.55,0.2,100,restricted_20,aggregation,0.6787836889751584,,,0.6083569992422131
216,1001,17,5,0.55,0.2,100,restricted_20,aggregation,0.6800863409254225,,,0.6090076344925828
217,1001,17,5,0.55,0.2,100,restricted_20,aggregation,0.6798975286404916,,,0.6088793932733528
218,1001,17,5,0.55,0.2,100,restricted_20,aggregation,0.6760236541813068,,,0.6075113109010132
219,1001,17,5,0.55,0.2,100,restricted_20,aggregation,0.6807165272483771,,,0.6093895178503138
220,1001,17,5,0.55,0.2,100,restricted_20,aggregation,0.6781048539412173,,,0.6079925666606344
221,1001,17,5,0.55,0.2,100,restricted_20,aggregation,0.6783313389479475,,,0.6081373532686798
222,1001,17,5,0.55,0.2,100,restricted_20,aggregation,0.6790243084395647,,,0.608514078059392
223,1001,17,5,0.55,0.2,100,restricted_20,aggregation,0.6828055031631624,,,0.6099720683783991
224,1001,17,5,0.55,0.2,100,restricted_20,aggregation,0.6800500466220838,,,0.6091895930686747
225,1001,17,5,0.55,0.2,100,restricted_20,aggregation,0.6824633513039259,,,0.6097745297421088
226,1001,17,5,0.55,0.2,100,restricted_20,aggregation,0.6772932818140989,,,0.6080714179155806
227,1001,17,5,0.55,0.2,100,restricted_20,aggregation,0.6780114130494592,,,0.6078298694731783
228,1001,17,5,0.55,0.2,100,restricted_20,aggregation,0.68273805304954,,,0.6098456887972868
229,1001,17,5,0.55,0.2,100,restricted_20,aggregation,0.6774404568479603,,,0.6083127039720535
230,1001,17,5,0.55,0.2,100,restricted_20,aggregation,0.689339486112013,,,0.6126668857698699
231,1001,17,5,0.55,0.2,100,restricted_20,aggregation,0.6804698967722864,,,0.6087979861666655
232,1001,17,5,0.55,0.2,100,restricted_20,aggregation,0.6819371258947143,,,0.6097232236659826
233,1001,17,5,0.55,0.2,100,restricted_20,aggregation,0.6822702274462736,,,0.609714214818385
234,1001,17,5,0.55,0.2,100,restricted_20,aggregation,0.6823658549598118,,,0.6093537836059206
235,1001,17,5,0.55,0.2,100,restricted_20,aggregation,0.6830634917589434,,,0.6099171929541408
236,1001,17,5,0.55,0.2,100,restricted_20,aggregation,0.6767429936848284,,,0.6080262511719239
237,1001,17,5,0.55,0.2,100,restricted_20,aggregation,0.682142126745232,,,0.6098107817445007
238,1001,17,5,0.55,0.2,100,restricted_20,aggregation,0.6742731829821101,,,0.6065746989424152
239,1001,17,5,0.55,0.2,100,restricted_20,aggregation,0.6833383933026754,,,0.6099913925655646
240,1001,17,5,0.55,0.2,100,restricted_20,aggregation,0.6796895296477906,,,0.6089417595697761
241,1001,17,5,0.55,0.2,100,restricted_20,aggregation,0.6810689728926481,,,0.6095720265123062
242,1001,17,5,0.55,0.2,100,restricted_20,aggregation,0.6789549668236609,,,0.6082024937263666
243,1001,17,5,0.55,0.2,100,restricted_20,aggregation,0.6794606308600569,,,0.6086765983918426
244,1001,17,5,0.55,0.2,100,restricted_20,aggregation,0.6809084237099922,,,0.6089449651587429
245,1001,17,5,0.55,0.2,100,restricted_20,aggregation,0.6818425166326292,,,0.609281319566664
246,1001,17,5,0.55,0.2,100,restricted_20,aggregation,0.6788985013261104,,,0.6084141355470704
247,1001,17,5,0.55,0.2,100,restricted_20,aggregation,0.6806775763388395,,,0.6092244121314478
248,1001,17,5,0.55,0.2,100,restricted_20,aggregation,0.6756879729945239,,,0.607376289377127
249,1001,17,5,0.55,0.2,100,restricted_20,aggregation,0.6842710440583488,,,0.6103940175156876
250,1001,17,5,0.55,0.2,100,restricted_20,aggregation,0.6828425950755276,,,0.6098464735959842
251,1001,17,5,0.55,0.2,100,restricted_20,aggregation,0.6814413141418517,,,0.6089015031715113
252,1001,17,5,0.55,0.2,100,restricted_20,aggregation,0.6807941009737852,,,0.6091662594723393
253,1001,17,5,0.55,0.2,100,restricted_20,aggregation,0.6834951395727649,,,0.6097648191676489
254,1001,17,5,0.55,0.2,100,restricted_20,aggregation,0.6767002016194764,,,0.6073862430489433
255,1001,17,5,0.55,0.2,100,restricted_20,aggregation,0.6797118118665647,,,0.6087938436660997
256,1001,17,5,0.55,0.2,100,restricted_20,aggregation,0.6783764955356446,,,0.6081964495337427
257,1001,17,5,0.55,0.2,100,restricted_20,aggregation,0.6765840241577266,,,0.6074770684247395
258,1001,17,5,0.55,0.2,100,restricted_20,aggregation,0.6803787385652945,,,0.6089067250852177
259,1001,17,5,0.55,0.2,100,restricted_20,aggregation,0.6755152291768903,,,0.6070244098595498
260,1001,17,5,0.55,0.2,100,restricted_20,aggregation,0.68108460068277,,,0.60916526377858
261,1001,17,5,0.55,0.2,100,restricted_20,aggregation,0.6794753292511782,,,0.608671606647747
262,1001,17,5,0.55,0.2,100,restricted_20,aggregation,0.6811044573623721,,,0.6094820878657478
263,1001,17,5,0.55,0.2,100,restricted_20,aggregation,0.6790446350586012,,,0.6084877736594462
264,1001,17,5,0.55,0.2,100,restricted_20,aggregation,0.6799637627956938,,,0.6092029154768572
265,1001,17,5,0.55,0.2,100,restricted_20,aggregation,0.6822130432556041,,,0.6099417310527608
266,1001,17,5,0.55,0.2,100,restricted_20,aggregation,0.6785832859184201,,,0.6082146515685244
267,1001,17,5,0.55,0.2,100,restricted_20,aggregation,0.682385828709801,,,0.6099045637992381
268,1001,17,5,0.55,0.2,100,restricted_20,aggregation,0.682465410662324,,,0.6098197956316146
269,1001,17,5,0.55,0.2,100,restricted_20,aggregation,0.6848966848403713,,,0.6107803201693328
270,1001,17,5,0.55,0.2,100,restricted_20,aggregation,0.6797206951675029,,,0.6088179227760766
271,1001,17,5,0.55,0.2,100,restricted_20,aggregation,0.6795492430126534,,,0.6085541284954061
272,1001,17,5,0.55,0.2,100,restricted_20,aggregation,0.6822160946823594,,,0.6095650779359801
273,1001,17,5,0.55,0.2,100,restricted_20,aggregation,0.6759301438351404,,,0.6074267307082567
274,1001,17,5,0.55,0.2,100,restricted_20,aggregation,0.679211305724647,,,0.6084714677381946
275,1001,17,5,0.55,0.2,100,restricted_20,aggregation,0.6789847223653832,,,0.6086627232441633
276,1001,17,5,0.55,0.2,100,restricted_20,aggregation,0.6780301524645385,,,0.6082624027522772
277,1001,17,5,0.55,0.2,100,restricted_20,aggregation,0.6775541776189241,,,0.6071743146099507
278,1001,17,5,0.55,0.2,100,restricted_20,aggregation,0.6828219357910016,,,0.6101519127424092
279,1001,17,5,0.55,0.2,100,restricted_20,aggregation,0.682236713213534,,,0.6097214826866251
280,1001,17,5,0.55,0.2,100,restricted_20,aggregation,0.6776817982219727,,,0.6077204547924002
281,1001,17,5,0.55,0.2,100,restricted_20,aggregation,0.6728100051270308,,,0.6061402613944895
282,1001,17,5,0.55,0.2,100,restricted_20,aggregation,0.6820276359366714,,,0.6095988513592123
283,1001,17,5,0.55,0.2,100,restricted_20,aggregation,0.6728141190020591,,,0.6061910500528526
284,1001,17,5,0.55,0.2,100,restricted_20,aggregation,0.6810975086947266,,,0.609106500368528
285,1001,17,5,0.55,0.2,100,restricted_20,aggregation,0.6842212952997019,,,0.6105502284379439
286,1001,17,5,0.55,0.2,100,restricted_20,aggregation,0.6795476343517532,,,0.608848164570415
287,1001,17,5,0.55,0.2,100,restricted_20,aggregation,0.6815830336215875,,,0.6092804718828535
288,1001,17,5,0.55,0.2,100,restricted_20,aggregation,0.680879080490287,,,0.6093664869468912
289,1001,17,5,0.55,0.2,100,restricted_20,aggregation,0.6800370266401999,,,0.608689239991576
290,1001,17,5,0.55,0.2,100,restricted_20,aggregation,0.6810496320439042,,,0.6094136394440522
291,1001,17,5,0.55,0.2,100,restricted_20,aggregation,0.6787848816222531,,,0.6083605935336637
292,1001,17,5,0.55,0.2,100,restricted_20,aggregation,0.6795118695666114,,,0.6088184282185102
293,1001,17,5,0.55,0.2,100,restricted_20,aggregation,0.6817210131889795,,,0.6092789704808133
294,1001,17,5,0.55,0.2,100,restricted_20,aggregation,0.6773889344823767,,,0.6075626736209347
295,1001,17,5,0.55,0.2,100,restricted_20,aggregation,0.6837782489380914,,,0.6102339599060608
296,1001,17,5,0.55,0.2,100,restricted_20,aggregation,0.6806357763940183,,,0.6093505968915119
297,1001,17,5,0.55,0.2,100,restricted_20,aggregation,0.6820503049183567,,,0.6097688904802475
298,1001,17,5,0.55,0.2,100,restricted_20,aggregation,0.6860318659753281,,,0.6111715446272479
299,1001,17,5,0.55,0.2,100,restricted_20,aggregation,0.6767745798399362,,,0.6079393917313158
300,1001,17,5,0.55,0.2,100,restricted_30,aggregation,0.6912025485144003,,,0.6138549102527113
301,1001,17,5,0.55,0.2,100,restricted_30,aggregation,0.6924916410611083,,,0.6146856923240336
302,1001,17,5,0.55,0.2,100,restricted_30,aggregation,0.6972044443028297,,,0.616982814013989
303,1001,17,5,0.55,0.2,100,restricted_30,aggregation,0.6936469809664119,,,0.6151588121814711
304,1001,17,5,0.55,0.2,100,restricted_30,aggregation,0.694422740261336,,,0.6155343289681511
305,1001,17,5,0.55,0.2,100,restricted_30,aggregation,0.6926533998715249,,,0.6144832085486536
306,1001,17,5,0.55,0.2,100,restricted_30,aggregation,0.697386585589908,,,0.6172693083094885
307,1001,17,5,0.55,0.2,100,restricted_30,aggregation,0.6938034962591928,,,0.6153374267425691
308,1001,17,5,0.55,0.2,100,restricted_30,aggregation,0.6925650657219939,,,0.6145928228814643
309,1001,17,5,0.55,0.2,100,restricted_30,aggregation,0.693814164027715,,,0.6150788638247741
310,1001,17,5,0.55,0.2,100,restricted_30,aggregation,0.6900639930004959,,,0.6133351266208159
311,1001,17,5,0.55,0.2,100,restricted_30,aggregation,0.6958358308642337,,,0.6163874119362084
312,1001,17,5,0.55,0.2,100,restricted_30,aggregation,0.6912729137017273,,,0.6139933885889504
313,1001,17,5,0.55,0.2,100,restricted_30,aggregation,0.6940908023370579,,,0.615327786349393
314,1001,17,5,0.55,0.2,100,restricted_30,aggregation,0.6964501388280947,,,0.6167194706715405
315,1001,17,5,0.55,0.2,100,restricted_30,aggregation,0.693943578298442,,,0.6151691682060617
316,1001,17,5,0.55,0.2,100,restricted_30,aggregation,0.6944882225424528,,,0.6156633929882375
317,1001,17,5,0.55,0.2,100,restricted_30,aggregation,0.6932081187558228,,,0.6150059509472463
318,1001,17,5,0.55,0.2,100,restricted_30,aggregation,0.6940509491557296,,,0.6153028693724489
319,1001,17,5,0.55,0.2,100,restricted_30,aggregation,0.6911063513081404,,,0.6137624368466009
320,1001,17,5,0.55,0.2,100,restricted_30,aggregation,0.6943332925286819,,,0.6158184768015189
321,1001,17,5,0.55,0.2,100,restricted_30,aggregation,0.695575132472281,,,0.6163434628914789
322,1001,17,5,0.55,0.2,100,restricted_30,aggregation,0.6953069410755438,,,0.6161892186085401
323,1001,17,5,0.55,0.2,100,restricted_30,aggregation,0.6951236920573828,,,0.615821107571018
324,1001,17,5,0.55,0.2,100,restricted_30,aggregation,0.6939354041804857,,,0.6152572507174224
325,1001,17,5,0.55,0.2,100,restricted_30,aggregation,0.6935786271708709,,,0.6152217526284751
326,1001,17,5,0.55,0.2,100,restricted_30,aggregation,0.6947257416609149,,,0.6156220338731094
327,1001,17,5,0.55,0.2,100,restricted_30,aggregation,0.6905989920750101,,,0.6136217580003006
328,1001,17,5,0.55,0.2,100,restricted_30,aggregation,0.6942824101001526,,,0.615710157818866
329,1001,17,5,0.55,0.2,100,restricted_30,aggregation,0.6947764996866009,,,0.615904953685231
330,1001,17,5,0.55,0.2,100,restricted_30,aggregation,0.6913940417073332,,,0.614055278260558
331,1001,17,5,0.55,0.2,100,restricted_30,aggregation,0.6930388468115173,,,0.6148294611016426
332,1001,17,5,0.55,0.2,100,restricted_30,aggregation,0.6959704975245689,,,0.6166832105358022
333,1001,17,5,0.55,0.2,100,restricted_30,aggregation,0.6925514164649744,,,0.6145583476033245
334,1001,17,5,0.55,0.2,100,restricted_30,aggregation,0.6961795772901714,,,0.6164079298472526
335,1001,17,5,0.55,0.2,100,restricted_30,aggregation,0.6925463786098673,,,0.6145936229017567
336,1001,17,5,0.55,0.2,100,restricted_30,aggregation,0.6957808324782383,,,0.6163472202352093
337,1001,17,5,0.55,0.2,100,restricted_30,aggregation,0.6953347789052782,,,0.6160908266013773
338,1001,17,5,0.55,0.2,100,restricted_30,aggregation,0.6949358158735589,,,0.6159690414486637
339,1001,17,5,0.55,0.2,100,restricted_30,aggregation,0.6949460615972131,,,0.6157892183713506
340,1001,17,5,0.55,0.2,100,restricted_30,aggregation,0.6969036564378274,,,0.6171857660625509
341,1001,17,5,0.55,0.2,100,restricted_30,aggregation,0.6933041786479106,,,0.6151853459742165
342,1001,17,5,0.55,0.2,100,restricted_30,aggregation,0.695021509206023,,,0.6158372353598551
343,1001,17,5,0.55,0.2,100,restricted_30,aggregation,0.6935560205530377,,,0.6151775979556333
344,1001,17,5,0.55,0.2,100,restricted_30,aggregation,0.6952847392787553,,,0.6161952289891507
345,1001,17,5,0.55,0.2,100,restricted_30,aggregation,0.6943935505578244,,,0.6154931620424257
346,1001,17,5,0.55,0.2,100,restricted_30,aggregation,0.6951735549047614,,,0.6161027854445361
347,1001,17,5,0.55,0.2,100,restricted_30,aggregation,0.6929402877721648,,,0.614784413373492
348,1001,17,5,0.55,0.2,100,restricted_30,aggregation,0.6945719292242732,,,0.615532804071539
349,1001,17,5,0.55,0.2,100,restricted_30,aggregation,0.692856360406749,,,0.614586330449336
350,1001,17,5,0.55,0.2,100,restricted_30,aggregation,0.6947650738032843,,,0.6158917848996708
351,1001,17,5,0.55,0.2,100,restricted_30,aggregation,0.6934045250377922,,,0.6151061765529393
352,1001,17,5,0.55,0.2,100,restricted_30,aggregation,0.6948588440543849,,,0.6158544415941726
353,1001,17,5,0.55,0.2,100,restricted_30,aggregation,0.6938121774458755,,,0.6152967613002234
354,1001,17,5,0.55,0.2,100,restricted_30,aggregation,0.6944038288566935,,,0.6154456708574629
355,1001,17,5,0.55,0.2,100,restricted_30,aggregation,0.6935578206303828,,,0.6150880096002632
356,1001,17,5,0.55,0.2,100,restricted_30,aggregation,0.6954537516669343,,,0.6164163234641337
357,1001,17,5,0.55,0.2,100,restricted_30,aggregation,0.6952913154067355,,,0.6161963693539129
358,1001,17,5,0.55,0.2,100,restricted_30,aggregation,0.6945741527489986,,,0.6158325710904087
359,1001,17,5,0.55,0.2,100,restricted_30,aggregation,0.6924384013160699,,,0.6145847593306353
360,1001,17,5,0.55,0.2,100,restricted_30,aggregation,0.6943031625485329,,,0.6154451413564465
361,1001,17,5,0.55,0.2,100,restricted_30,aggregation,0.6932427622220106,,,0.6148360791613174
362,1001,17,5,0.55,0.2,100,restricted_30,aggregation,0.6920613244309197,,,0.6143001255098662
363,1001,17,5,0.55,0.2,100,restricted_30,aggregation,0.6948600374599454,,,0.6158062897167532
364,1001,17,5,0.55,0.2,100,restricted_30,aggregation,0.6928121634875636,,,0.6146421733387464
365,1001,17,5,0.55,0.2,100,restricted_30,aggregation,0.6934106770318565,,,0.6151546805965031
366,1001,17,5,0.55,0.2,100,restricted_30,aggregation,0.6951528728888516,,,0.6158486919306281
367,1001,17,5,0.55,0.2,100,restricted_30,aggregation,0.6914062094541024,,,0.6140511451664792
368,1001,17,5,0.55,0.2,100,restricted_30,aggregation,0.6931093610310898,,,0.6148071532465339
369,1001,17,5,0.55,0.2,100,restricted_30,aggregation,0.6909655215273229,,,0.613739955652258
370,1001,17,5,0.55,0.2,100,restricted_30,aggregation,0.6938833889777172,,,0.6151570241519957
371,1001,17,5,0.55,0.2,100,restricted_30,aggregation,0.6939370180762156,,,0.6154297230808744
372,1001,17,5,0.55,0.2,100,restricted_30,aggregation,0.6922719529864957,,,0.6145716430066517
373,1001,17,5,0.55,0.2,100,restricted_30,aggregation,0.6931712109482253,,,0.6151049352149317
374,1001,17,5,0.55,0.2,100,restricted_30,aggregation,0.6920230319341549,,,0.614400902849592
375,1001,17,5,0.55,0.2,100,restricted_30,aggregation,0.6912463251047659,,,0.6138754588636463
376,1001,17,5,0.55,0.2,100,restricted_30,aggregation,0.6931418111025577,,,0.6151448885672435
377,1001,17,5,0.55,0.2,100,restricted_30,aggregation,0.6937984771841864,,,0.6153921547007681
378,1001,17,5,0.55,0.2,100,restricted_30,aggregation,0.6941740260265673,,,0.6153119325773105
379,1001,17,5,0.55,0.2,100,restricted_30,aggregation,0.6938403614721815,,,0.6153148319228381
380,1001,17,5,0.55,0.2,100,restricted_30,aggregation,0.697106557286256,,,0.6166815309281785
381,1001,17,5,0.55,0.2,100,restricted_30,aggregation,0.6940170680031682,,,0.6152280007858354
382,1001,17,5,0.55,0.2,100,restricted_30,aggregation,0.6921389099505323,,,0.61427726024098
383,1001,17,5,0.55,0.2,100,restricted_30,aggregation,0.6943582501150207,,,0.6154903135621704
384,1001,17,5,0.55,0.2,100,restricted_30,aggregation,0.6943831588510736,,,0.6156041170462839
385,1001,17,5,0.55,0.2,100,restricted_30,aggregation,0.6931444006433245,,,0.6149388212269911
386,1001,17,5,0.55,0.2,100,restricted_30,aggregation,0.6934338508785199,,,0.6149349108850136
387,1001,17,5,0.55,0.2,100,restricted_30,aggregation,0.6942634887711121,,,0.6156314104559992
388,1001,17,5,0.55,0.2,100,restricted_30,aggregation,0.6914957379317052,,,0.6141095580883961
389,1001,17,5,0.55,0.2,100,restricted_30,aggregation,0.693693126843526,,,0.6153008023958465
390,1001,17,5,0.55,0.2,100,restricted_30,aggregation,0.6945727942589766,,,0.6157316464291326
391,1001,17,5,0.55,0.2,100,restricted_30,aggregation,0.6961075193385424,,,0.6166283566787218
392,1001,17,5,0.55,0.2,100,restricted_30,aggregation,0.6946477406607464,,,0.6155032870285234
393,1001,17,5,0.55,0.2,100,restricted_30,aggregation,0.6926833266750875,,,0.6146261157592409
394,1001,17,5,0.55,0.2,100,restricted_30,aggregation,0.694087585659123,,,0.6154233087956967
395,1001,17,5,0.55,0.2,100,restricted_30,aggregation,0.6973473843774636,,,0.6172316900354285
396,1001,17,5,0.55,0.2,100,restricted_30,aggregation,0.6886879893784507,,,0.6124805566570881
397,1001,17,5,0.55,0.2,100,restricted_30,aggregation,0.6935283310328206,,,0.614810800349553
398,1001,17,5,0.55,0.2,100,restricted_30,aggregation,0.6945662164941941,,,0.6154571329720087
399,1001,17,5,0.55,0.2,100,restricted_30,aggregation,0.6892531322807497,,,0.6129598024698693
400,1001,17,5,0.55,0.2,100,restricted_40,aggregation,0.7018440432889311,,,0.6209587962434296
401,1001,17,5,0.55,0.2,100,restricted_40,aggregation,0.7010805945778565,,,0.6204508604603406
402,1001,17,5,0.55,0.2,100,restricted_40,aggregation,0.703541887729236,,,0.622513387555438
403,1001,17,5,0.55,0.2,100,restricted_40,aggregation,0.7024195442005964,,,0.6215155570082995
404,1001,17,5,0.55,0.2,100,restricted_40,aggregation,0.7028821258095795,,,0.6217565873677104
405,1001,17,5,0.55,0.2,100,restricted_40,aggregation,0.7017517340412892,,,0.6210556885509512
406,1001,17,5,0.55,0.2,100,restricted_40,aggregation,0.7030094471089623,,,0.6219199500066586
407,1001,17,5,0.55,0.2,100,restricted_40,aggregation,0.7020195234361485,,,0.6214533553080223
408,1001,17,5,0.55,0.2,100,restricted_40,aggregation,0.7021723548109435,,,0.621386333016349
409,1001,17,5,0.55,0.2,100,restricted_40,aggregation,0.7040575054855206,,,0.6226427944150578
410,1001,17,5,0.55,0.2,100,restricted_40,aggregation,0.7047721591316789,,,0.6234385854245854
411,1001,17,5,0.55,0.2,100,restricted_40,aggregation,0.7029315449027663,,,0.6218185381330097
412,1001,17,5,0.55,0.2,100,restricted_40,aggregation,0.7009796437070626,,,0.6204492639568684
413,1001,17,5,0.55,0.2,100,restricted_40,aggregation,0.7028054111519294,,,0.6218626211788701
414,1001,17,5,0.55,0.2,100,restricted_40,aggregation,0.7014280701266044,,,0.6207479203883277
415,1001,17,5,0.55,0.2,100,restricted_40,aggregation,0.7018637521082057,,,0.621092358910011
416,1001,17,5,0.55,0.2,100,restricted_40,aggregation,0.704693853666047,,,0.6231329787107426
417,1001,17,5,0.55,0.2,100,restricted_40,aggregation,0.7038190563203593,,,0.622350567438543
418,1001,17,5,0.55,0.2,100,restricted_40,aggregation,0.702017317401238,,,0.6212284877524821
419,1001,17,5,0.55,0.2,100,restricted_40,aggregation,0.7052501931316217,,,0.6240263281152442
420,1001,17,5,0.55,0.2,100,restricted_40,aggregation,0.7045173601584169,,,0.6230437617942362
421,1001,17,5,0.55,0.2,100,restricted_40,aggregation,0.7015524958115367,,,0.6208298960841406
422,1001,17,5,0.55,0.2,100,restricted_40,aggregation,0.7024290026814675,,,0.6214037963586709
423,1001,17,5,0.55,0.2,100,restricted_40,aggregation,0.7008638615041712,,,0.6203604838124523
424,1001,17,5,0.55,0.2,100,restricted_40,aggregation,0.7019709920922009,,,0.6210160820673468
425,1001,17,5,0.55,0.2,100,restricted_40,aggregation,0.7052743687889272,,,0.6235447295343818
426,1001,17,5,0.55,0.2,100,restricted_40,aggregation,0.7041659852664626,,,0.6227763106876035
427,1001,17,5,0.55,0.2,100,restricted_40,aggregation,0.7018625053125804,,,0.6210505068625224
428,1001,17,5,0.55,0.2,100,restricted_40,aggregation,0.7030540794881093,,,0.6218179121671786
429,1001,17,5,0.55,0.2,100,restricted_40,aggregation,0.7028631218788854,,,0.6217743800712228
430,1001,17,5,0.55,0.2,100,restricted_40,aggregation,0.7033594228370795,,,0.6223659200650424
431,1001,17,5,0.55,0.2,100,restricted_40,aggregation,0.704928795808211,,,0.6234549820315185
432,1001,17,5,0.55,0.2,100,restricted_40,aggregation,0.7045355112124773,,,0.6231877530361486
433,1001,17,5,0.55,0.2,100,restricted_40,aggregation,0.7037117412013235,,,0.6225150485854478
434,1001,17,5,0.55,0.2,100,restricted_40,aggregation,0.7016436286287584,,,0.6207321661822066
435,1001,17,5,0.55,0.2,100,restricted_40,aggregation,0.7039723071790589,,,0.6224707557457193
436,1001,17,5,0.55,0.2,100,restricted_40,aggregation,0.7039009431256483,,,0.6225601427253168
437,1001,17,5,0.55,0.2,100,restricted_40,aggregation,0.7036855105895261,,,0.6224429496583741
438,1001,17,5,0.55,0.2,100,restricted_40,aggregation,0.7025118720782255,,,0.6214629237937357
439,1001,17,5,0.55,0.2,100,restricted_40,aggregation,0.7022428422714561,,,0.6212387997494451
440,1001,17,5,0.55,0.2,100,restricted_40,aggregation,0.7024415610644676,,,0.6213721805428459
441,1001,17,5,0.55,0.2,100,restricted_40,aggregation,0.7047131104291013,,,0.623304145034653
442,1001,17,5,0.55,0.2,100,restricted_40,aggregation,0.7032800256374426,,,0.6221120611236909
443,1001,17,5,0.55,0.2,100,restricted_40,aggregation,0.7055342751708934,,,0.6237024709976304
444,1001,17,5,0.55,0.2,100,restricted_40,aggregation,0.7032848492911561,,,0.6222280990786558
445,1001,17,5,0.55,0.2,100,restricted_40,aggregation,0.7035703872320764,,,0.6227054578728158
446,1001,17,5,0.55,0.2,100,restricted_40,aggregation,0.7035935771851123,,,0.6222861219871438
447,1001,17,5,0.55,0.2,100,restricted_40,aggregation,0.7015552993899807,,,0.6208646767831779
448,1001,17,5,0.55,0.2,100,restricted_40,aggregation,0.7018268468375655,,,0.6210956376100708
449,1001,17,5,0.55,0.2,100,restricted_40,aggregation,0.702876206463869,,,0.6217674909624069
450,1001,17,5,0.55,0.2,100,restricted_40,aggregation,0.7036391713848414,,,0.6224492910507463
451,1001,17,5,0.55,0.2,100,restricted_40,aggregation,0.7006135524641733,,,0.6199915579043761
452,1001,17,5,0.55,0.2,100,restricted_40,aggregation,0.7035349619807437,,,0.6222980366490201
453,1001,17,5,0.55,0.2,100,restricted_40,aggregation,0.7035115395357189,,,0.6220645173369113
454,1001,17,5,0.55,0.2,100,restricted_40,aggregation,0.7049462098141782,,,0.6232306434007888
455,1001,17,5,0.55,0.2,100,restricted_40,aggregation,0.7035905791796331,,,0.6225573491602394
456,1001,17,5,0.55,0.2,100,restricted_40,aggregation,0.7020746538057189,,,0.6211221033794089
457,1001,17,5,0.55,0.2,100,restricted_40,aggregation,0.7043837681567459,,,0.623066901470112
458,1001,17,5,0.55,0.2,100,restricted_40,aggregation,0.7011647202400376,,,0.620591861907014
459,1001,17,5,0.55,0.2,100,restricted_40,aggregation,0.7061786312647692,,,0.6243545190246766
460,1001,17,5,0.55,0.2,100,restricted_40,aggregation,0.7032765320781009,,,0.6224081825754813
461,1001,17,5,0.55,0.2,100,restricted_40,aggregation,0.702657705764502,,,0.6217069326346263
462,1001,17,5,0.55,0.2,100,restricted_40,aggregation,0.7023776268869978,,,0.6213316554941642
463,1001,17,5,0.55,0.2,100,restricted_40,aggregation,0.7010903442186988,,,0.620406642382276
464,1001,17,5,0.55,0.2,100,restricted_40,aggregation,0.7026356714025717,,,0.6217280176476356
465,1001,17,5,0.55,0.2,100,restricted_40,aggregation,0.7025053981946843,,,0.6216047007112762
466,1001,17,5,0.55,0.2,100,restricted_40,aggregation,0.7016077281618713,,,0.6206928259637093
467,1001,17,5,0.55,0.2,100,restricted_40,aggregation,0.7059202879235029,,,0.6242618314595563
468,1001,17,5,0.55,0.2,100,restricted_40,aggregation,0.7010090481839754,,,0.6204396454137904
469,1001,17,5,0.55,0.2,100,restricted_40,aggregation,0.7018380323540002,,,0.6210986520480253
470,1001,17,5,0.55,0.2,100,restricted_40,aggregation,0.7038764187318837,,,0.622473562231226
471,1001,17,5,0.55,0.2,100,restricted_40,aggregation,0.7044913939857725,,,0.6230887268145675
472,1001,17,5,0.55,0.2,100,restricted_40,aggregation,0.7045437349447546,,,0.6230387147319235
473,1001,17,5,0.55,0.2,100,restricted_40,aggregation,0.703891182156927,,,0.6226841022490696
474,1001,17,5,0.55,0.2,100,restricted_40,aggregation,0.7029148728770503,,,0.621742938525098
475,1001,17,5,0.55,0.2,100,restricted_40,aggregation,0.7036898070392913,,,0.6224420828646453
476,1001,17,5,0.55,0.2,100,restricted_40,aggregation,0.7027865805031049,,,0.6216749153824692
477,1001,17,5,0.55,0.2,100,restricted_40,aggregation,0.7043607878594208,,,0.6227942799125925
478,1001,17,5,0.55,0.2,100,restricted_40,aggregation,0.7039327752472073,,,0.6225244050431991
479,1001,17,5,0.55,0.2,100,restricted_40,aggregation,0.7049212517265212,,,0.6235200481263123
480,1001,17,5,0.55,0.2,100,restricted_40,aggregation,0.7019819983557363,,,0.6212003585056302
481,1001,17,5,0.55,0.2,100,restricted_40,aggregation,0.7029990665542528,,,0.621922423840198
482,1001,17,5,0.55,0.2,100,restricted_40,aggregation,0.7041861670281673,,,0.6230149711512853
483,1001,17,5,0.55,0.2,100,restricted_40,aggregation,0.7063066513611496,,,0.6244928904182977
484,1001,17,5,0.55,0.2,100,restricted_40,aggregation,0.7011362767704241,,,0.6205056499738056
485,1001,17,5,0.55,0.2,100,restricted_40,aggregation,0.7032262520209965,,,0.6221647558221808
486,1001,17,5,0.55,0.2,100,restricted_40,aggregation,0.7042431227336375,,,0.6229027346140189
487,1001,17,5,0.55,0.2,100,restricted_40,aggregation,0.701922514976683,,,0.6209883865938751
488,1001,17,5,0.55,0.2,100,restricted_40,aggregation,0.7042280041083636,,,0.6228807088565732
489,1001,17,5,0.55,0.2,100,restricted_40,aggregation,0.7025782228701404,,,0.6217096567495007
490,1001,17,5,0.55,0.2,100,restricted_40,aggregation,0.705448922940535,,,0.6237764958637555
491,1001,17,5,0.55,0.2,100,restricted_40,aggregation,0.7039515985166648,,,0.6226369140362813
492,1001,17,5,0.55,0.2,100,restricted_40,aggregation,0.7006338429808031,,,0.6201483338225496
493,1001,17,5,0.55,0.2,100,restricted_40,aggregation,0.7034436787496136,,,0.6222401511482905
494,1001,17,5,0.55,0.2,100,restricted_40,aggregation,0.7018390727890619,,,0.6211448880666454
495,1001,17,5,0.55,0.2,100,restricted_40,aggregation,0.7021568324512875,,,0.6214041335550438
496,1001,17,5,0.55,0.2,100,restricted_40,aggregation,0.7017235536130394,,,0.6211529637001184
497,1001,17,5,0.55,0.2,100,restricted_40,aggregation,0.7027836744924721,,,0.6217682083297563
498,1001,17,5,0.55,0.2,100,restricted_40,aggregation,0.7047726771951658,,,0.6232214335176544
499,1001,17,5,0.55,0.2,100,restricted_40,aggregation,0.7013799323709716,,,0.6207816559234225
500,1001,17,5,0.55,0.2,100,restricted_50,aggregation,0.7087789864707066,,,0.6272419424892736
501,1001,17,5,0.55,0.2,100,restricted_50,aggregation,0.7097638546960425,,,0.6279662482055299
502,1001,17,5,0.55,0.2,100,restricted_50,aggregation,0.7089271791533435,,,0.6273167516077673
503,1001,17,5,0.55,0.2,100,restricted_50,aggregation,0.7096114628356146,,,0.6278852459479
504,1001,17,5,0.55,0.2,100,restricted_50,aggregation,0.711191415862145,,,0.629288012942258
505,1001,17,5,0.55,0.2,100,restricted_50,aggregation,0.7095155751429533,,,0.6277678138896018
506,1001,17,5,0.55,0.2,100,restricted_50,aggregation,0.7104143436936033,,,0.6286966563636561
507,1001,17,5,0.55,0.2,100,restricted_50,aggregation,0.7102897966088187,,,0.6284768420154065
508,1001,17,5,0.55,0.2,100,restricted_50,aggregation,0.7108906331879262,,,0.6289945764727218
509,1001,17,5,0.55,0.2,100,restricted_50,aggregation,0.7106481556619121,,,0.6287689285031376
510,1001,17,5,0.55,0.2,100,restricted_50,aggregation,0.7098282160300489,,,0.6280740559105201
511,1001,17,5,0.55,0.2,100,restricted_50,aggregation,0.7098263381076134,,,0.6281465053592649
512,1001,17,5,0.55,0.2,100,restricted_50,aggregation,0.7105799982174653,,,0.6288675095845319
513,1001,17,5,0.55,0.2,100,restricted_50,aggregation,0.707460548906361,,,0.6259812165245645
514,1001,17,5,0.55,0.2,100,restricted_50,aggregation,0.7088001018052952,,,0.6271206870924487
515,1001,17,5,0.55,0.2,100,restricted_50,aggregation,0.710157508543098,,,0.6282999220847514
516,1001,17,5,0.55,0.2,100,restricted_50,aggregation,0.7087280285835461,,,0.6269490073988512
517,1001,17,5,0.55,0.2,100,restricted_50,aggregation,0.709522430432697,,,0.627709624313065
518,1001,17,5,0.55,0.2,100,restricted_50,aggregation,0.7106089822063505,,,0.6288156164270301
519,1001,17,5,0.55,0.2,100,restricted_50,aggregation,0.710051961886041,,,0.6283836872746396
520,1001,17,5,0.55,0.2,100,restricted_50,aggregation,0.7120787550268236,,,0.6300418920977706
521,1001,17,5,0.55,0.2,100,restricted_50,aggregation,0.7106902519218626,,,0.62886084329184
522,1001,17,5,0.55,0.2,100,restricted_50,aggregation,0.7104644238355559,,,0.6287839526769619
523,1001,17,5,0.55,0.2,100,restricted_50,aggregation,0.710434167323118,,,0.6286664104572187
524,1001,17,5,0.55,0.2,100,restricted_50,aggregation,0.710322070348709,,,0.6283759805319193
525,1001,17,5,0.55,0.2,100,restricted_50,aggregation,0.7103176566406525,,,0.6286182117126039
526,1001,17,5,0.55,0.2,100,restricted_50,aggregation,0.7106925721890485,,,0.6288475112460782
527,1001,17,5,0.55,0.2,100,restricted_50,aggregation,0.7106943778058733,,,0.6287298386397538
528,1001,17,5,0.55,0.2,100,restricted_50,aggregation,0.7109586080800991,,,0.6294088797201335
529,1001,17,5,0.55,0.2,100,restricted_50,aggregation,0.7113492286581358,,,0.629661392635075
530,1001,17,5,0.55,0.2,100,restricted_50,aggregation,0.7096082944630415,,,0.6278900898576523
531,1001,17,5,0.55,0.2,100,restricted_50,aggregation,0.7097454441407384,,,0.6282107817951094
532,1001,17,5,0.55,0.2,100,restricted_50,aggregation,0.7093988164029711,,,0.6275827005410363
533,1001,17,5,0.55,0.2,100,restricted_50,aggregation,0.7099901109631713,,,0.6282222038471784
534,1001,17,5,0.55,0.2,100,restricted_50,aggregation,0.7096354398440521,,,0.6282836149995027
535,1001,17,5,0.55,0.2,100,restricted_50,aggregation,0.7108199351739973,,,0.6291651152015709
536,1001,17,5,0.55,0.2,100,restricted_50,aggregation,0.7099123620568537,,,0.6282538563225105
537,1001,17,5,0.55,0.2,100,restricted_50,aggregation,0.7114655386908305,,,0.6295174694129115
538,1001,17,5,0.55,0.2,100,restricted_50,aggregation,0.7117577970151613,,,0.629911377536648
539,1001,17,5,0.55,0.2,100,restricted_50,aggregation,0.7097766235370617,,,0.6279306367911875
540,1001,17,5,0.55,0.2,100,restricted_50,aggregation,0.7113115669220997,,,0.6294295081962717
541,1001,17,5,0.55,0.2,100,restricted_50,aggregation,0.7105989350284767,,,0.6289371773953588
542,1001,17,5,0.55,0.2,100,restricted_50,aggregation,0.7090750067325343,,,0.6275044059419586
543,1001,17,5,0.55,0.2,100,restricted_50,aggregation,0.7108160872945053,,,0.6288571279733451
544,1001,17,5,0.55,0.2,100,restricted_50,aggregation,0.7106234759204626,,,0.6288952734527438
545,1001,17,5,0.55,0.2,100,restricted_50,aggregation,0.7107869397646683,,,0.6288724569010093
546,1001,17,5,0.55,0.2,100,restricted_50,aggregation,0.7094842507374319,,,0.6276924436372955
547,1001,17,5,0.55,0.2,100,restricted_50,aggregation,0.7098604123509924,,,0.6281556550639305
548,1001,17,5,0.55,0.2,100,restricted_50,aggregation,0.7099305832620002,,,0.628056952187827
549,1001,17,5,0.55,0.2,100,restricted_50,aggregation,0.7106627576470443,,,0.6289036713146475
550,1001,17,5,0.55,0.2,100,restricted_50,aggregation,0.7094642576015001,,,0.6275517963024526
551,1001,17,5,0.55,0.2,100,restricted_50,aggregation,0.7096409143272789,,,0.6278651773653595
552,1001,17,5,0.55,0.2,100,restricted_50,aggregation,0.7092007234768204,,,0.6276916847221384
553,1001,17,5,0.55,0.2,100,restricted_50,aggregation,0.7099424219270012,,,0.6284412654874425
554,1001,17,5,0.55,0.2,100,restricted_50,aggregation,0.7115128300551535,,,0.6293004418500203
555,1001,17,5,0.55,0.2,100,restricted_50,aggregation,0.7092300732476023,,,0.6274736036253787
556,1001,17,5,0.55,0.2,100,restricted_50,aggregation,0.7101490596084161,,,0.6282828293800927
557,1001,17,5,0.55,0.2,100,restricted_50,aggregation,0.7081927176387299,,,0.6266545357584312
558,1001,17,5,0.55,0.2,100,restricted_50,aggregation,0.7099569217755197,,,0.6282847683785941
559,1001,17,5,0.55,0.2,100,restricted_50,aggregation,0.7105581459135877,,,0.6285929533351171
560,1001,17,5,0.55,0.2,100,restricted_50,aggregation,0.710146425554529,,,0.6283922500625597
561,1001,17,5,0.55,0.2,100,restricted_50,aggregation,0.710558110037088,,,0.6286844306895499
562,1001,17,5,0.55,0.2,100,restricted_50,aggregation,0.7104251389628428,,,0.6286501913467394
563,1001,17,5,0.55,0.2,100,restricted_50,aggregation,0.7093302668393029,,,0.6276395236038377
564,1001,17,5,0.55,0.2,100,restricted_50,aggregation,0.7110116839310917,,,0.629161872718956
565,1001,17,5,0.55,0.2,100,restricted_50,aggregation,0.7119193770315869,,,0.6299423146171458
566,1001,17,5,0.55,0.2,100,restricted_50,aggregation,0.7111293863176456,,,0.62917372654872
567,1001,17,5,0.55,0.2,100,restricted_50,aggregation,0.7095555804756898,,,0.6279823121312285
568,1001,17,5,0.55,0.2,100,restricted_50,aggregation,0.7125896257667734,,,0.630667873399184
569,1001,17,5,0.55,0.2,100,restricted_50,aggregation,0.7122659797761065,,,0.6301241657872159
570,1001,17,5,0.55,0.2,100,restricted_50,aggregation,0.7100405849443377,,,0.6283397033130446
571,1001,17,5,0.55,0.2,100,restricted_50,aggregation,0.7112022230667301,,,0.6293250017816657
572,1001,17,5,0.55,0.2,100,restricted_50,aggregation,0.7094336620056223,,,0.6277387202659402
573,1001,17,5,0.55,0.2,100,restricted_50,aggregation,0.7102074629932743,,,0.6285594204660088
574,1001,17,5,0.55,0.2,100,restricted_50,aggregation,0.7087759547672312,,,0.6273256758969793
575,1001,17,5,0.55,0.2,100,restricted_50,aggregation,0.7102164729899099,,,0.6284121040848801
576,1001,17,5,0.55,0.2,100,restricted_50,aggregation,0.7108909487074923,,,0.6290008131870571
577,1001,17,5,0.55,0.2,100,restricted_50,aggregation,0.7095092722936175,,,0.6277243941836974
578,1001,17,5,0.55,0.2,100,restricted_50,aggregation,0.7110494189543337,,,0.6291615008429072
579,1001,17,5,0.55,0.2,100,restricted_50,aggregation,0.709687993455338,,,0.6278643644307353
580,1001,17,5,0.55,0.2,100,restricted_50,aggregation,0.7096916291740809,,,0.6280493859125496
581,1001,17,5,0.55,0.2,100,restricted_50,aggregation,0.7107642252751382,,,0.6289727481801648
582,1001,17,5,0.55,0.2,100,restricted_50,aggregation,0.7113986355166978,,,0.6296289769202966
583,1001,17,5,0.55,0.2,100,restricted_50,aggregation,0.7088872684016406,,,0.6274270768647858
584,1001,17,5,0.55,0.2,100,restricted_50,aggregation,0.7097368511393269,,,0.6281428493454789
585,1001,17,5,0.55,0.2,100,restricted_50,aggregation,0.7100633384687262,,,0.6282645657558996
586,1001,17,5,0.55,0.2,100,restricted_50,aggregation,0.709630920442534,,,0.6277243883332245
587,1001,17,5,0.55,0.2,100,restricted_50,aggregation,0.7094164930413595,,,0.6276873660385026
588,1001,17,5,0.55,0.2,100,restricted_50,aggregation,0.7102027613723525,,,0.6285249663782264
589,1001,17,5,0.55,0.2,100,restricted_50,aggregation,0.7101813295541907,,,0.6284312000786081
590,1001,17,5,0.55,0.2,100,restricted_50,aggregation,0.7097929828516415,,,0.6281254564045575
591,1001,17,5,0.55,0.2,100,restricted_50,aggregation,0.7104491132828202,,,0.6286786701256508
592,1001,17,5,0.55,0.2,100,restricted_50,aggregation,0.709798706700817,,,0.627941924884198
593,1001,17,5,0.55,0.2,100,restricted_50,aggregation,0.7104691601107717,,,0.628785589659974
594,1001,17,5,0.55,0.2,100,restricted_50,aggregation,0.7108031539457645,,,0.6289134488985139
595,1001,17,5,0.55,0.2,100,restricted_50,aggregation,0.7094950458564885,,,0.6279872354232683
596,1001,17,5,0.55,0.2,100,restricted_50,aggregation,0.7099929378864848,,,0.6283247989797069
597,1001,17,5,0.55,0.2,100,restricted_50,aggregation,0.711063285177446,,,0.6291927823952173
598,1001,17,5,0.55,0.2,100,restricted_50,aggregation,0.7094301062102988,,,0.6278384587147473
599,1001,17,5,0.55,0.2,100,restricted_50,aggregation,0.7108383141151084,,,0.6291482524836006
600,1001,17,5,0.55,0.2,100,restricted_60,aggregation,0.7162954724862596,,,0.6349213694703735
601,1001,17,5,0.55,0.2,100,restricted_60,aggregation,0.7165754685864869,,,0.6352232217300523
602,1001,17,5,0.55,0.2,100,restricted_60,aggregation,0.7166457880592556,,,0.6350409901316947
603,1001,17,5,0.55,0.2,100,restricted_60,aggregation,0.7180123288836777,,,0.6366515385280005
604,1001,17,5,0.55,0.2,100,restricted_60,aggregation,0.7172890007980094,,,0.6358477666907069
605,1001,17,5,0.55,0.2,100,restricted_60,aggregation,0.7181282184860697,,,0.636743563445222
606,1001,17,5,0.55,0.2,100,restricted_60,aggregation,0.7168502473250573,,,0.6352313903863472
607,1001,17,5,0.55,0.2,100,restricted_60,aggregation,0.7189560902787454,,,0.6373760900336237
608,1001,17,5,0.55,0.2,100,restricted_60,aggregation,0.7166735640137961,,,0.6349753205266415
609,1001,17,5,0.55,0.2,100,restricted_60,aggregation,0.7169194053849212,,,0.6352761157988741
610,1001,17,5,0.55,0.2,100,restricted_60,aggregation,0.718295848782974,,,0.6366793331729308
611,1001,17,5,0.55,0.2,100,restricted_60,aggregation,0.7181943219801459,,,0.6365053557965473
612,1001,17,5,0.55,0.2,100,restricted_60,aggregation,0.7189552543646929,,,0.6374834238436127
613,1001,17,5,0.55,0.2,100,restricted_60,aggregation,0.7179538800666712,,,0.6365555353142952
614,1001,17,5,0.55,0.2,100,restricted_60,aggregation,0.7175170129267349,,,0.6360267397238992
615,1001,17,5,0.55,0.2,100,restricted_60,aggregation,0.7181627131889231,,,0.6368825285194544
616,1001,17,5,0.55,0.2,100,restricted_60,aggregation,0.7174339625953571,,,0.6358760142469837
617,1001,17,5,0.55,0.2,100,restricted_60,aggregation,0.7161682296306643,,,0.6345822342043943
618,1001,17,5,0.55,0.2,100,restricted_60,aggregation,0.7172063824556099,,,0.635661491840679
619,1001,17,5,0.55,0.2,100,restricted_60,aggregation,0.717834449316439,,,0.6362511913751533
620,1001,17,5,0.55,0.2,100,restricted_60,aggregation,0.7171444128518136,,,0.6358044015853532
621,1001,17,5,0.55,0.2,100,restricted_60,aggregation,0.7170729649759543,,,0.6355163677539503
622,1001,17,5,0.55,0.2,100,restricted_60,aggregation,0.7188914404877624,,,0.6373868489829264
623,1001,17,5,0.55,0.2,100,restricted_60,aggregation,0.7193196460857391,,,0.6376194956435168
624,1001,17,5,0.55,0.2,100,restricted_60,aggregation,0.7172424217933238,,,0.6355054006680576
625,1001,17,5,0.55,0.2,100,restricted_60,aggregation,0.7167847597582637,,,0.6353350695209333
626,1001,17,5,0.55,0.2,100,restricted_60,aggregation,0.7175044477808116,,,0.6360474771426085
627,1001,17,5,0.55,0.2,100,restricted_60,aggregation,0.716152057374414,,,0.6347557870516937
628,1001,17,5,0.55,0.2,100,restricted_60,aggregation,0.718131959978091,,,0.6365721446485644
629,1001,17,5,0.55,0.2,100,restricted_60,aggregation,0.7164980710652344,,,0.6350625348747934
630,1001,17,5,0.55,0.2,100,restricted_60,aggregation,0.7171652286751796,,,0.6357003900609891
631,1001,17,5,0.55,0.2,100,restricted_60,aggregation,0.7176726496937936,,,0.6362283263233351
632,1001,17,5,0.55,0.2,100,restricted_60,aggregation,0.7193593983186647,,,0.637945122827612
633,1001,17,5,0.55,0.2,100,restricted_60,aggregation,0.7175469274863525,,,0.6362074879246731
634,1001,17,5,0.55,0.2,100,restricted_60,aggregation,0.717791988608433,,,0.6363717418275086
635,1001,17,5,0.55,0.2,100,restricted_60,aggregation,0.7158630366800259,,,0.6343348580075931
636,1001,17,5,0.55,0.2,100,restricted_60,aggregation,0.716865390116772,,,0.6353516551002709
637,1001,17,5,0.55,0.2,100,restricted_60,aggregation,0.7177659630967087,,,0.636436433140834
638,1001,17,5,0.55,0.2,100,restricted_60,aggregation,0.7184321718547788,,,0.6368997091543712
639,1001,17,5,0.55,0.2,100,restricted_60,aggregation,0.7174205912348869,,,0.6358987126508746
640,1001,17,5,0.55,0.2,100,restricted_60,aggregation,0.7188805717456306,,,0.6373768062186838
641,1001,17,5,0.55,0.2,100,restricted_60,aggregation,0.7169700907545487,,,0.6353699886978257
642,1001,17,5,0.55,0.2,100,restricted_60,aggregation,0.7190979883496817,,,0.6377229860880088
643,1001,17,5,0.55,0.2,100,restricted_60,aggregation,0.7180971200423687,,,0.6367678626811424
644,1001,17,5,0.55,0.2,100,restricted_60,aggregation,0.7173388320218139,,,0.6359330404373461
645,1001,17,5,0.55,0.2,100,restricted_60,aggregation,0.7178844987672997,,,0.6362913700929199
646,1001,17,5,0.55,0.2,100,restricted_60,aggregation,0.7177000354251305,,,0.6362010804997007
647,1001,17,5,0.55,0.2,100,restricted_60,aggregation,0.7187400756220408,,,0.637445953649622
648,1001,17,5,0.55,0.2,100,restricted_60,aggregation,0.7175675017894224,,,0.6360204870806685
649,1001,17,5,0.55,0.2,100,restricted_60,aggregation,0.7174094126276555,,,0.6359695454277169
650,1001,17,5,0.55,0.2,100,restricted_60,aggregation,0.7174227435111025,,,0.6358735431822817
651,1001,17,5,0.55,0.2,100,restricted_60,aggregation,0.7172859873749773,,,0.6357730325247264
652,1001,17,5,0.55,0.2,100,restricted_60,aggregation,0.7181798671359787,,,0.6366015727839056
653,1001,17,5,0.55,0.2,100,restricted_60,aggregation,0.7184510369041214,,,0.6373759154145417
654,1001,17,5,0.55,0.2,100,restricted_60,aggregation,0.7179114413405139,,,0.6362928984546949
655,1001,17,5,0.55,0.2,100,restricted_60,aggregation,0.7167815026418777,,,0.6351030158232882
656,1001,17,5,0.55,0.2,100,restricted_60,aggregation,0.7169649307159096,,,0.6356252911450123
657,1001,17,5,0.55,0.2,100,restricted_60,aggregation,0.717752067759471,,,0.6364367938573878
658,1001,17,5,0.55,0.2,100,restricted_60,aggregation,0.7179310384043595,,,0.6364009458284637
659,1001,17,5,0.55,0.2,100,restricted_60,aggregation,0.7174886867294523,,,0.636035427569257
660,1001,17,5,0.55,0.2,100,restricted_60,aggregation,0.71649287696613,,,0.6349486949854347
661,1001,17,5,0.55,0.2,100,restricted_60,aggregation,0.7165731496034496,,,0.6350767025406235
662,1001,17,5,0.55,0.2,100,restricted_60,aggregation,0.7172281689106238,,,0.635717647013631
663,1001,17,5,0.55,0.2,100,restricted_60,aggregation,0.7179152556862101,,,0.6363124558303026
664,1001,17,5,0.55,0.2,100,restricted_60,aggregation,0.7172202493661171,,,0.6355786152391312
665,1001,17,5,0.55,0.2,100,restricted_60,aggregation,0.7176340392414625,,,0.6361044794963339
666,1001,17,5,0.55,0.2,100,restricted_60,aggregation,0.7170943222088423,,,0.6352884012020696
667,1001,17,5,0.55,0.2,100,restricted_60,aggregation,0.7168014365753447,,,0.6354320623754909
668,1001,17,5,0.55,0.2,100,restricted_60,aggregation,0.7174242815643015,,,0.6356641181188198
669,1001,17,5,0.55,0.2,100,restricted_60,aggregation,0.7166845350846499,,,0.6349957725447162
670,1001,17,5,0.55,0.2,100,restricted_60,aggregation,0.7173293501425136,,,0.635693655796718
671,1001,17,5,0.55,0.2,100,restricted_60,aggregation,0.7165409609880837,,,0.6350123482242858
672,1001,17,5,0.55,0.2,100,restricted_60,aggregation,0.7172297129847027,,,0.6357522210108009
673,1001,17,5,0.55,0.2,100,restricted_60,aggregation,0.718008906979088,,,0.6365745254300145
674,1001,17,5,0.55,0.2,100,restricted_60,aggregation,0.7171952373062738,,,0.6357273268900292
675,1001,17,5,0.55,0.2,100,restricted_60,aggregation,0.716798109157032,,,0.6351421214210595
676,1001,17,5,0.55,0.2,100,restricted_60,aggregation,0.7171891449089567,,,0.635579719513275
677,1001,17,5,0.55,0.2,100,restricted_60,aggregation,0.7179681619650456,,,0.6365513155728549
678,1001,17,5,0.55,0.2,100,restricted_60,aggregation,0.7165680197826155,,,0.6351304651470357
679,1001,17,5,0.55,0.2,100,restricted_60,aggregation,0.7178838953923611,,,0.6362746984527924
680,1001,17,5,0.55,0.2,100,restricted_60,aggregation,0.7168894864111786,,,0.635417150064901
681,1001,17,5,0.55,0.2,100,restricted_60,aggregation,0.7172357699145809,,,0.6357276423899587
682,1001,17,5,0.55,0.2,100,restricted_60,aggregation,0.7179938732843824,,,0.6365381265103307
683,1001,17,5,0.55,0.2,100,restricted_60,aggregation,0.717774086939335,,,0.6363321215137403
684,1001,17,5,0.55,0.2,100,restricted_60,aggregation,0.7172248983979588,,,0.6356560420640153
685,1001,17,5,0.55,0.2,100,restricted_60,aggregation,0.7178148184562811,,,0.6363056796090873
686,1001,17,5,0.55,0.2,100,restricted_60,aggregation,0.7181719846200088,,,0.6366615622274456
687,1001,17,5,0.55,0.2,100,restricted_60,aggregation,0.7164461494885062,,,0.6349569607595775
688,1001,17,5,0.55,0.2,100,restricted_60,aggregation,0.7167866265421031,,,0.6354622062276104
689,1001,17,5,0.55,0.2,100,restricted_60,aggregation,0.7185649805011574,,,0.6370220278976396
690,1001,17,5,0.55,0.2,100,restricted_60,aggregation,0.7173678050913519,,,0.63593617246584
691,1001,17,5,0.55,0.2,100,restricted_60,aggregation,0.7178226862169447,,,0.6363636629581358
692,1001,17,5,0.55,0.2,100,restricted_60,aggregation,0.717317248880313,,,0.6357778595696297
693,1001,17,5,0.55,0.2,100,restricted_60,aggregation,0.7168647546100284,,,0.6354687916789024
694,1001,17,5,0.55,0.2,100,restricted_60,aggregation,0.7178452946170003,,,0.6363861003632599
695,1001,17,5,0.55,0.2,100,restricted_60,aggregation,0.7166307989569536,,,0.6351555958927548
696,1001,17,5,0.55,0.2,100,restricted_60,aggregation,0.717434331431392,,,0.6359010536710605
697,1001,17,5,0.55,0.2,100,restricted_60,aggregation,0.7174647622851501,,,0.6358331494524765
698,1001,17,5,0.55,0.2,100,restricted_60,aggregation,0.7162035005643694,,,0.6345779875532184
699,1001,17,5,0.55,0.2,100,restricted_60,aggregation,0.717358337842335,,,0.6359020114230254
700,1001,17,5,0.55,0.2,100,restricted_70,aggregation,0.7240817902113111,,,0.6440535888147498
701,1001,17,5,0.55,0.2,100,restricted_70,aggregation,0.7241572683406183,,,0.6440461877904812
702,1001,17,5,0.55,0.2,100,restricted_70,aggregation,0.7239472444425981,,,0.6437933845987998
703,1001,17,5,0.55,0.2,100,restricted_70,aggregation,0.7246420244465674,,,0.6447488510464147
704,1001,17,5,0.55,0.2,100,restricted_70,aggregation,0.7232017921275863,,,0.6428643286980356
705,1001,17,5,0.55,0.2,100,restricted_70,aggregation,0.7247055868842652,,,0.6444570753946982
706,1001,17,5,0.55,0.2,100,restricted_70,aggregation,0.7234389910091966,,,0.6431240510094155
707,1001,17,5,0.55,0.2,100,restricted_70,aggregation,0.7232958828538775,,,0.6429422203663038
708,1001,17,5,0.55,0.2,100,restricted_70,aggregation,0.7238316849102013,,,0.6436854596703347
709,1001,17,5,0.55,0.2,100,restricted_70,aggregation,0.7237659364135163,,,0.6435387151691084
710,1001,17,5,0.55,0.2,100,restricted_70,aggregation,0.7234442960091776,,,0.6432011767425692
711,1001,17,5,0.55,0.2,100,restricted_70,aggregation,0.7241068221213269,,,0.6438950471708469
712,1001,17,5,0.55,0.2,100,restricted_70,aggregation,0.7238739087731348,,,0.6437678681078445
713,1001,17,5,0.55,0.2,100,restricted_70,aggregation,0.7247908815088565,,,0.6446386118038456
714,1001,17,5,0.55,0.2,100,restricted_70,aggregation,0.7219939222266274,,,0.6417876007854452
715,1001,17,5,0.55,0.2,100,restricted_70,aggregation,0.7237021475378986,,,0.6438044597870393
716,1001,17,5,0.55,0.2,100,restricted_70,aggregation,0.7238935456575463,,,0.6436581706946619
717,1001,17,5,0.55,0.2,100,restricted_70,aggregation,0.7233816167534856,,,0.6432749034925037
718,1001,17,5,0.55,0.2,100,restricted_70,aggregation,0.7239898309595375,,,0.6439637793919949
719,1001,17,5,0.55,0.2,100,restricted_70,aggregation,0.7244080813849141,,,0.6444810238857823
720,1001,17,5,0.55,0.2,100,restricted_70,aggregation,0.7249138923615828,,,0.6450349095941902
721,1001,17,5,0.55,0.2,100,restricted_70,aggregation,0.7237109359746894,,,0.6437736239291716
722,1001,17,5,0.55,0.2,100,restricted_70,aggregation,0.723546389872288,,,0.6433751021640715
723,1001,17,5,0.55,0.2,100,restricted_70,aggregation,0.7242389532534238,,,0.6443094243671369
724,1001,17,5,0.55,0.2,100,restricted_70,aggregation,0.7241135660656599,,,0.6441210811070034
725,1001,17,5,0.55,0.2,100,restricted_70,aggregation,0.7237835497968476,,,0.643550678967639
726,1001,17,5,0.55,0.2,100,restricted_70,aggregation,0.724070741585579,,,0.6440551255842548
727,1001,17,5,0.55,0.2,100,restricted_70,aggregation,0.7249125969310521,,,0.6448915048830567
728,1001,17,5,0.55,0.2,100,restricted_70,aggregation,0.7246846831796562,,,0.6448974773834566
729,1001,17,5,0.55,0.2,100,restricted_70,aggregation,0.7236055077910628,,,0.6435665379359412
730,1001,17,5,0.55,0.2,100,restricted_70,aggregation,0.7243803849521906,,,0.6446845629827938
731,1001,17,5,0.55,0.2,100,restricted_70,aggregation,0.7245684652117138,,,0.6445505962110402
732,1001,17,5,0.55,0.2,100,restricted_70,aggregation,0.724573863611044,,,0.6445123760388782
733,1001,17,5,0.55,0.2,100,restricted_70,aggregation,0.7248378749717795,,,0.6446317810796384
734,1001,17,5,0.55,0.2,100,restricted_70,aggregation,0.723545466016136,,,0.6435743547596204
735,1001,17,5,0.55,0.2,100,restricted_70,aggregation,0.7240281651921399,,,0.6438938272433133
736,1001,17,5,0.55,0.2,100,restricted_70,aggregation,0.7239183353924029,,,0.643792605192659
737,1001,17,5,0.55,0.2,100,restricted_70,aggregation,0.723514980484983,,,0.6430831444556422
738,1001,17,5,0.55,0.2,100,restricted_70,aggregation,0.7238565958316759,,,0.6442229656012934
739,1001,17,5,0.55,0.2,100,restricted_70,aggregation,0.7241737168011793,,,0.6442970576756009
740,1001,17,5,0.55,0.2,100,restricted_70,aggregation,0.7234578790873264,,,0.6432454467267352
741,1001,17,5,0.55,0.2,100,restricted_70,aggregation,0.724188149630381,,,0.6439687781975107
742,1001,17,5,0.55,0.2,100,restricted_70,aggregation,0.7241398052217822,,,0.6439639640986455
743,1001,17,5,0.55,0.2,100,restricted_70,aggregation,0.7231638638558235,,,0.6431285493992094
744,1001,17,5,0.55,0.2,100,restricted_70,aggregation,0.7243014611903762,,,0.6444440681449899
745,1001,17,5,0.55,0.2,100,restricted_70,aggregation,0.7238288281297621,,,0.6440396983247468
746,1001,17,5,0.55,0.2,100,restricted_70,aggregation,0.7247291884445368,,,0.6446918118655028
747,1001,17,5,0.55,0.2,100,restricted_70,aggregation,0.7238091837528869,,,0.6436511582070275
748,1001,17,5,0.55,0.2,100,restricted_70,aggregation,0.7249242738163869,,,0.6448914876987027
749,1001,17,5,0.55,0.2,100,restricted_70,aggregation,0.7236768821077867,,,0.6432174438939967
750,1001,17,5,0.55,0.2,100,restricted_70,aggregation,0.7234200042563842,,,0.6432931692611589
751,1001,17,5,0.55,0.2,100,restricted_70,aggregation,0.7236720880342836,,,0.6435578520533423
752,1001,17,5,0.55,0.2,100,restricted_70,aggregation,0.7244046922622938,,,0.6443425655295633
753,1001,17,5,0.55,0.2,100,restricted_70,aggregation,0.7248464341332245,,,0.6447072034349929
754,1001,17,5,0.55,0.2,100,restricted_70,aggregation,0.7238952075363071,,,0.6435239925052975
755,1001,17,5,0.55,0.2,100,restricted_70,aggregation,0.723711109188835,,,0.6437394411661338
756,1001,17,5,0.55,0.2,100,restricted_70,aggregation,0.7244475628167921,,,0.6442782380766208
757,1001,17,5,0.55,0.2,100,restricted_70,aggregation,0.7237210958198954,,,0.6438245524519428
758,1001,17,5,0.55,0.2,100,restricted_70,aggregation,0.7244795828688064,,,0.6441473379989153
759,1001,17,5,0.55,0.2,100,restricted_70,aggregation,0.724599653672141,,,0.6447645914809069
760,1001,17,5,0.55,0.2,100,restricted_70,aggregation,0.7238894799680314,,,0.6437346881902279
761,1001,17,5,0.55,0.2,100,restricted_70,aggregation,0.7241823783690963,,,0.6440952130011104
762,1001,17,5,0.55,0.2,100,restricted_70,aggregation,0.723669482075658,,,0.643292229920958
763,1001,17,5,0.55,0.2,100,restricted_70,aggregation,0.7240295916028092,,,0.6437437391886679
764,1001,17,5,0.55,0.2,100,restricted_70,aggregation,0.7244460960519352,,,0.6442459937590487
765,1001,17,5,0.55,0.2,100,restricted_70,aggregation,0.7239158787217921,,,0.6437766373622716
766,1001,17,5,0.55,0.2,100,restricted_70,aggregation,0.7247408292511865,,,0.6448202679693354
767,1001,17,5,0.55,0.2,100,restricted_70,aggregation,0.7242867009529278,,,0.6442119327773059
768,1001,17,5,0.55,0.2,100,restricted_70,aggregation,0.7246565696164947,,,0.6448219239360494
769,1001,17,5,0.55,0.2,100,restricted_70,aggregation,0.724113062015487,,,0.6443609211412369
770,1001,17,5,0.55,0.2,100,restricted_70,aggregation,0.7243096127171987,,,0.644454018298596
771,1001,17,5,0.55,0.2,100,restricted_70,aggregation,0.7251721702152103,,,0.6454625996269358
772,1001,17,5,0.55,0.2,100,restricted_70,aggregation,0.7254316723098567,,,0.6454573537064743
773,1001,17,5,0.55,0.2,100,restricted_70,aggregation,0.7229747943485404,,,0.6429565021160482
774,1001,17,5,0.55,0.2,100,restricted_70,aggregation,0.7246737222095944,,,0.6445389774111387
775,1001,17,5,0.55,0.2,100,restricted_70,aggregation,0.7244386165304426,,,0.6445473908153616
776,1001,17,5,0.55,0.2,100,restricted_70,aggregation,0.7237653934528923,,,0.6438451730648503
777,1001,17,5,0.55,0.2,100,restricted_70,aggregation,0.7228910762578286,,,0.6425071057080127
778,1001,17,5,0.55,0.2,100,restricted_70,aggregation,0.7248069409109157,,,0.6448795528293729
779,1001,17,5,0.55,0.2,100,restricted_70,aggregation,0.7246367189836429,,,0.6446733132498607
780,1001,17,5,0.55,0.2,100,restricted_70,aggregation,0.7247021434580562,,,0.6446738769244672
781,1001,17,5,0.55,0.2,100,restricted_70,aggregation,0.7243232149126005,,,0.6441728120573276
782,1001,17,5,0.55,0.2,100,restricted_70,aggregation,0.7254610206451971,,,0.6455709164700048
783,1001,17,5,0.55,0.2,100,restricted_70,aggregation,0.7229253598046147,,,0.6427741732669187
784,1001,17,5,0.55,0.2,100,restricted_70,aggregation,0.7246576287212573,,,0.6449802170150408
785,1001,17,5,0.55,0.2,100,restricted_70,aggregation,0.7245081713454157,,,0.6446560698517793
786,1001,17,5,0.55,0.2,100,restricted_70,aggregation,0.7240444322954351,,,0.6439309705961764
787,1001,17,5,0.55,0.2,100,restricted_70,aggregation,0.7246606934118134,,,0.6447052974027927
788,1001,17,5,0.55,0.2,100,restricted_70,aggregation,0.7238636537783958,,,0.6436068806443801
789,1001,17,5,0.55,0.2,100,restricted_70,aggregation,0.7235954891331811,,,0.6434157333523411
790,1001,17,5,0.55,0.2,100,restricted_70,aggregation,0.7245684427354239,,,0.644517406486336
791,1001,17,5,0.55,0.2,100,restricted_70,aggregation,0.7245302714063596,,,0.6447071688205595
792,1001,17,5,0.55,0.2,100,restricted_70,aggregation,0.7232174293032436,,,0.6430606896393403
793,1001,17,5,0.55,0.2,100,restricted_70,aggregation,0.7238844823865509,,,0.6436740566422106
794,1001,17,5,0.55,0.2,100,restricted_70,aggregation,0.7236710897550502,,,0.6432767872575423
795,1001,17,5,0.55,0.2,100,restricted_70,aggregation,0.7240697394540565,,,0.643769477661011
796,1001,17,5,0.55,0.2,100,restricted_70,aggregation,0.7249617359794358,,,0.6447625357698943
797,1001,17,5,0.55,0.2,100,restricted_70,aggregation,0.7242690283016543,,,0.6443877612182741
798,1001,17,5,0.55,0.2,100,restricted_70,aggregation,0.7236613293700334,,,0.6433917125977052
799,1001,17,5,0.55,0.2,100,restricted_70,aggregation,0.7240792863031104,,,0.643742585087642
800,1001,17,5,0.55,0.2,100,restricted_80,aggregation,0.7309139109451586,,,0.6543826072944392
801,1001,17,5,0.55,0.2,100,restricted_80,aggregation,0.7310441327535274,,,0.654163292659489
802,1001,17,5,0.55,0.2,100,restricted_80,aggregation,0.7305332598278337,,,0.6536000258158591
803,1001,17,5,0.55,0.2,100,restricted_80,aggregation,0.7306076096449131,,,0.6538016088885482
804,1001,17,5,0.55,0.2,100,restricted_80,aggregation,0.7307794105859392,,,0.6539750558090593
805,1001,17,5,0.55,0.2,100,restricted_80,aggregation,0.731360339697813,,,0.6549151906180979
806,1001,17,5,0.55,0.2,100,restricted_80,aggregation,0.7305859852390558,,,0.6538569028572747
807,1001,17,5,0.55,0.2,100,restricted_80,aggregation,0.7308410401025217,,,0.6543550038432029
808,1001,17,5,0.55,0.2,100,restricted_80,aggregation,0.7311709782233246,,,0.6549139554616528
809,1001,17,5,0.55,0.2,100,restricted_80,aggregation,0.7308083326646168,,,0.6541855345533375
810,1001,17,5,0.55,0.2,100,restricted_80,aggregation,0.7312630450896179,,,0.6547626892467886
811,1001,17,5,0.55,0.2,100,restricted_80,aggregation,0.7305788914098865,,,0.6536373039491028
812,1001,17,5,0.55,0.2,100,restricted_80,aggregation,0.7308507264332644,,,0.6541367963213546
813,1001,17,5,0.55,0.2,100,restricted_80,aggregation,0.7305232856188486,,,0.6536458472155288
814,1001,17,5,0.55,0.2,100,restricted_80,aggregation,0.7308075127872972,,,0.6538048530692941
815,1001,17,5,0.55,0.2,100,restricted_80,aggregation,0.7310028145055792,,,0.654287605932276
816,1001,17,5,0.55,0.2,100,restricted_80,aggregation,0.7307179763112677,,,0.6544175287688387
817,1001,17,5,0.55,0.2,100,restricted_80,aggregation,0.7305012478194712,,,0.6537455236090816
818,1001,17,5,0.55,0.2,100,restricted_80,aggregation,0.730599128512289,,,0.653808157244977
819,1001,17,5,0.55,0.2,100,restricted_80,aggregation,0.730332126316947,,,0.6534178422346697
820,1001,17,5,0.55,0.2,100,restricted_80,aggregation,0.7306148049655847,,,0.6540536088959871
821,1001,17,5,0.55,0.2,100,restricted_80,aggregation,0.7311082023433354,,,0.6544013460879942
822,1001,17,5,0.55,0.2,100,restricted_80,aggregation,0.7309920856090317,,,0.6545981709970938
823,1001,17,5,0.55,0.2,100,restricted_80,aggregation,0.730246074485787,,,0.6535854752339947
824,1001,17,5,0.55,0.2,100,restricted_80,aggregation,0.73105763274854,,,0.6544370545311624
825,1001,17,5,0.55,0.2,100,restricted_80,aggregation,0.7306542678229573,,,0.6537065933498876
826,1001,17,5,0.55,0.2,100,restricted_80,aggregation,0.7312348381350942,,,0.6549764845676787
827,1001,17,5,0.55,0.2,100,restricted_80,aggregation,0.7305499901884027,,,0.6536403599994977
828,1001,17,5,0.55,0.2,100,restricted_80,aggregation,0.7316907501394847,,,0.6550761371367891
829,1001,17,5,0.55,0.2,100,restricted_80,aggregation,0.7308120499831513,,,0.6539927941943312
830,1001,17,5,0.55,0.2,100,restricted_80,aggregation,0.7304470638031307,,,0.6535704022759468
831,1001,17,5,0.55,0.2,100,restricted_80,aggregation,0.7297898518489566,,,0.6526437566248452
832,1001,17,5,0.55,0.2,100,restricted_80,aggregation,0.731351341690919,,,0.6550719920923805
833,1001,17,5,0.55,0.2,100,restricted_80,aggregation,0.7304183474475544,,,0.6538578569885926
834,1001,17,5,0.55,0.2,100,restricted_80,aggregation,0.7305114531756284,,,0.6539623129104783
835,1001,17,5,0.55,0.2,100,restricted_80,aggregation,0.7299345789799389,,,0.6533765808459121
836,1001,17,5,0.55,0.2,100,restricted_80,aggregation,0.7308288176885411,,,0.6541776910930868
837,1001,17,5,0.55,0.2,100,restricted_80,aggregation,0.7304551868252607,,,0.6537440479966812
838,1001,17,5,0.55,0.2,100,restricted_80,aggregation,0.7308003642652328,,,0.6544518654532725
839,1001,17,5,0.55,0.2,100,restricted_80,aggregation,0.7307973503034813,,,0.6540792252602136
840,1001,17,5,0.55,0.2,100,restricted_80,aggregation,0.7304623232400512,,,0.6537048019881732
841,1001,17,5,0.55,0.2,100,restricted_80,aggregation,0.7305462375893028,,,0.6535894626223389
842,1001,17,5,0.55,0.2,100,restricted_80,aggregation,0.731145673522427,,,0.653999122192505
843,1001,17,5,0.55,0.2,100,restricted_80,aggregation,0.7302847352160329,,,0.6537859169834074
844,1001,17,5,0.55,0.2,100,restricted_80,aggregation,0.7309656400427675,,,0.6544662057888403
845,1001,17,5,0.55,0.2,100,restricted_80,aggregation,0.730740531994409,,,0.6537264884974646
846,1001,17,5,0.55,0.2,100,restricted_80,aggregation,0.7312141269319764,,,0.6544197379030883
847,1001,17,5,0.55,0.2,100,restricted_80,aggregation,0.7306948170578895,,,0.653853791176475
848,1001,17,5,0.55,0.2,100,restricted_80,aggregation,0.731140680918431,,,0.6540795394985875
849,1001,17,5,0.55,0.2,100,restricted_80,aggregation,0.7301470837626951,,,0.6531350980885572
850,1001,17,5,0.55,0.2,100,restricted_80,aggregation,0.7309273901743347,,,0.6542423921683788
851,1001,17,5,0.55,0.2,100,restricted_80,aggregation,0.7313633471063283,,,0.65489229540601
852,1001,17,5,0.55,0.2,100,restricted_80,aggregation,0.7307770806145281,,,0.6542057405497337
853,1001,17,5,0.55,0.2,100,restricted_80,aggregation,0.7311370829927446,,,0.6545709894890267
854,1001,17,5,0.55,0.2,100,restricted_80,aggregation,0.7305832004289651,,,0.6537390897761908
855,1001,17,5,0.55,0.2,100,restricted_80,aggregation,0.7306064594873758,,,0.6536965871262528
856,1001,17,5,0.55,0.2,100,restricted_80,aggregation,0.7305608149356433,,,0.6534980248462476
857,1001,17,5,0.55,0.2,100,restricted_80,aggregation,0.7306507407958776,,,0.6539709029666624
858,1001,17,5,0.55,0.2,100,restricted_80,aggregation,0.7305706330592228,,,0.6543052092499787
859,1001,17,5,0.55,0.2,100,restricted_80,aggregation,0.7305000288171175,,,0.6536146535117716
860,1001,17,5,0.55,0.2,100,restricted_80,aggregation,0.7308770264749487,,,0.654172921670005
861,1001,17,5,0.55,0.2,100,restricted_80,aggregation,0.7308930846902058,,,0.6543669393795903
862,1001,17,5,0.55,0.2,100,restricted_80,aggregation,0.7307249900219607,,,0.6537781354119515
863,1001,17,5,0.55,0.2,100,restricted_80,aggregation,0.7311922241703377,,,0.6546484138511637
864,1001,17,5,0.55,0.2,100,restricted_80,aggregation,0.7312481543292016,,,0.6545633314006551
865,1001,17,5,0.55,0.2,100,restricted_80,aggregation,0.7305891944503238,,,0.6537733347810639
866,1001,17,5,0.55,0.2,100,restricted_80,aggregation,0.7310866546110707,,,0.6544601990624124
867,1001,17,5,0.55,0.2,100,restricted_80,aggregation,0.7311150863772602,,,0.6547255563229497
868,1001,17,5,0.55,0.2,100,restricted_80,aggregation,0.7311487425213747,,,0.6546593826979907
869,1001,17,5,0.55,0.2,100,restricted_80,aggregation,0.7304738383922752,,,0.6534911514766973
870,1001,17,5,0.55,0.2,100,restricted_80,aggregation,0.7306714155814981,,,0.653811226917004
871,1001,17,5,0.55,0.2,100,restricted_80,aggregation,0.7309247367370064,,,0.6540650361576901
872,1001,17,5,0.55,0.2,100,restricted_80,aggregation,0.7298515055474567,,,0.6527763969355841
873,1001,17,5,0.55,0.2,100,restricted_80,aggregation,0.7304292710018607,,,0.6536046824671912
874,1001,17,5,0.55,0.2,100,restricted_80,aggregation,0.731576411389949,,,0.6551925448294382
875,1001,17,5,0.55,0.2,100,restricted_80,aggregation,0.7311463483497498,,,0.6544966310788822
876,1001,17,5,0.55,0.2,100,restricted_80,aggregation,0.731091130655792,,,0.6544654246565204
877,1001,17,5,0.55,0.2,100,restricted_80,aggregation,0.7306230537713524,,,0.6538348051070025
878,1001,17,5,0.55,0.2,100,restricted_80,aggregation,0.7304432401807305,,,0.6535010575069463
879,1001,17,5,0.55,0.2,100,restricted_80,aggregation,0.7309649297981626,,,0.6544443970061922
880,1001,17,5,0.55,0.2,100,restricted_80,aggregation,0.7303966012346415,,,0.6533871551440503
881,1001,17,5,0.55,0.2,100,restricted_80,aggregation,0.7299925551487436,,,0.6530962647746543
882,1001,17,5,0.55,0.2,100,restricted_80,aggregation,0.7307838538997414,,,0.6536663781610237
883,1001,17,5,0.55,0.2,100,restricted_80,aggregation,0.7314230229815301,,,0.6550985802899495
884,1001,17,5,0.55,0.2,100,restricted_80,aggregation,0.7308209113895832,,,0.653782171540008
885,1001,17,5,0.55,0.2,100,restricted_80,aggregation,0.7310875244243112,,,0.6543150155386607
886,1001,17,5,0.55,0.2,100,restricted_80,aggregation,0.7308431884259077,,,0.6541789068134015
887,1001,17,5,0.55,0.2,100,restricted_80,aggregation,0.7310539398165813,,,0.6546113097034802
888,1001,17,5,0.55,0.2,100,restricted_80,aggregation,0.7303004954055135,,,0.6532661183768625
889,1001,17,5,0.55,0.2,100,restricted_80,aggregation,0.7306834340131595,,,0.6540331852437116
890,1001,17,5,0.55,0.2,100,restricted_80,aggregation,0.7314462215120383,,,0.6551232749403918
891,1001,17,5,0.55,0.2,100,restricted_80,aggregation,0.7306104467672798,,,0.653811024758323
892,1001,17,5,0.55,0.2,100,restricted_80,aggregation,0.7308702357541912,,,0.6539642362465418
893,1001,17,5,0.55,0.2,100,restricted_80,aggregation,0.7309012759438834,,,0.6539530428043638
894,1001,17,5,0.55,0.2,100,restricted_80,aggregation,0.7311695699148978,,,0.6541184205132028
895,1001,17,5,0.55,0.2,100,restricted_80,aggregation,0.7309013674072027,,,0.6539126830420557
896,1001,17,5,0.55,0.2,100,restricted_80,aggregation,0.730659082115066,,,0.654043882604822
897,1001,17,5,0.55,0.2,100,restricted_80,aggregation,0.730672784620132,,,0.6540304050777105
898,1001,17,5,0.55,0.2,100,restricted_80,aggregation,0.7306515887622055,,,0.6539373244815488
899,1001,17,5,0.55,0.2,100,restricted_80,aggregation,0.7310610823230455,,,0.6544328959797527
900,1001,17,5,0.55,0.2,100,restricted_90,aggregation,0.7372973398112266,,,0.6682969071035167
901,1001,17,5,0.55,0.2,100,restricted_90,aggregation,0.7375655198480349,,,0.6689459399054316
902,1001,17,5,0.55,0.2,100,restricted_90,aggregation,0.7375991943225583,,,0.6682206439958969
903,1001,17,5,0.55,0.2,100,restricted_90,aggregation,0.7372270936134835,,,0.6675429162914723
904,1001,17,5,0.55,0.2,100,restricted_90,aggregation,0.7378078763828593,,,0.6683017833338538
905,1001,17,5,0.55,0.2,100,restricted_90,aggregation,0.7376824014558799,,,0.6678895675235411
906,1001,17,5,0.55,0.2,100,restricted_90,aggregation,0.737434829811743,,,0.6682686586929918
907,1001,17,5,0.55,0.2,100,restricted_90,aggregation,0.7374360341677547,,,0.6680067533369951
908,1001,17,5,0.55,0.2,100,restricted_90,aggregation,0.7372976673145718,,,0.6678695710612632
909,1001,17,5,0.55,0.2,100,restricted_90,aggregation,0.7375097320467917,,,0.6675990914212743
910,1001,17,5,0.55,0.2,100,restricted_90,aggregation,0.7376585637661734,,,0.668538674907856
911,1001,17,5,0.55,0.2,100,restricted_90,aggregation,0.7379595142263716,,,0.6689871341732001
912,1001,17,5,0.55,0.2,100,restricted_90,aggregation,0.7374347951475972,,,0.6676875110027913
913,1001,17,5,0.55,0.2,100,restricted_90,aggregation,0.7377754258228406,,,0.6688233515983529
914,1001,17,5,0.55,0.2,100,restricted_90,aggregation,0.7376329492503293,,,0.6681453126981661
915,1001,17,5,0.55,0.2,100,restricted_90,aggregation,0.7377561993920336,,,0.6687120216087624
916,1001,17,5,0.55,0.2,100,restricted_90,aggregation,0.7376595619921867,,,0.6681358029702233
917,1001,17,5,0.55,0.2,100,restricted_90,aggregation,0.7373402746885078,,,0.6681228408670188
918,1001,17,5,0.55,0.2,100,restricted_90,aggregation,0.7375866197233901,,,0.66821573467792
919,1001,17,5,0.55,0.2,100,restricted_90,aggregation,0.7376156293919213,,,0.6680193655319292
920,1001,17,5,0.55,0.2,100,restricted_90,aggregation,0.7374406306822323,,,0.6683538566694538
921,1001,17,5,0.55,0.2,100,restricted_90,aggregation,0.7375837501810398,,,0.6680619559103007
922,1001,17,5,0.55,0.2,100,restricted_90,aggregation,0.7380733754709947,,,0.6688139469831929
923,1001,17,5,0.55,0.2,100,restricted_90,aggregation,0.7377119121965265,,,0.668374565129085
924,1001,17,5,0.55,0.2,100,restricted_90,aggregation,0.7371588477487349,,,0.6672164311512463
925,1001,17,5,0.55,0.2,100,restricted_90,aggregation,0.737040890254492,,,0.6675638372101532
926,1001,17,5,0.55,0.2,100,restricted_90,aggregation,0.7377392788587669,,,0.6677944096144337
927,1001,17,5,0.55,0.2,100,restricted_90,aggregation,0.7382130639739282,,,0.6690662341150063
928,1001,17,5,0.55,0.2,100,restricted_90,aggregation,0.737484539900076,,,0.6682501707399048
929,1001,17,5,0.55,0.2,100,restricted_90,aggregation,0.7373571299682117,,,0.6680152707296367
930,1001,17,5,0.55,0.2,100,restricted_90,aggregation,0.7377105467173288,,,0.6684320088986941
931,1001,17,5,0.55,0.2,100,restricted_90,aggregation,0.7375363874055854,,,0.6681124041101723
932,1001,17,5,0.55,0.2,100,restricted_90,aggregation,0.737174787723879,,,0.6681405143672248
933,1001,17,5,0.55,0.2,100,restricted_90,aggregation,0.7371962048549953,,,0.6679156215122769
934,1001,17,5,0.55,0.2,100,restricted_90,aggregation,0.7379015824793004,,,0.6688243506859353
935,1001,17,5,0.55,0.2,100,restricted_90,aggregation,0.7372177286196732,,,0.6678217640538175
936,1001,17,5,0.55,0.2,100,restricted_90,aggregation,0.7379931024912664,,,0.6688069416368546
937,1001,17,5,0.55,0.2,100,restricted_90,aggregation,0.7376801302373751,,,0.6685493357399438
938,1001,17,5,0.55,0.2,100,restricted_90,aggregation,0.7380098733119774,,,0.6686987878222853
939,1001,17,5,0.55,0.2,100,restricted_90,aggregation,0.7374911902882199,,,0.6680159418755074
940,1001,17,5,0.55,0.2,100,restricted_90,aggregation,0.7376711957897435,,,0.668218149566498
941,1001,17,5,0.55,0.2,100,restricted_90,aggregation,0.7374634248690158,,,0.6675768082521728
942,1001,17,5,0.55,0.2,100,restricted_90,aggregation,0.7372791306122736,,,0.6680873416774876
943,1001,17,5,0.55,0.2,100,restricted_90,aggregation,0.7374382143638001,,,0.66836775289103
944,1001,17,5,0.55,0.2,100,restricted_90,aggregation,0.7374063487956228,,,0.6679432098943539
945,1001,17,5,0.55,0.2,100,restricted_90,aggregation,0.7374569931741606,,,0.6679997051081245
946,1001,17,5,0.55,0.2,100,restricted_90,aggregation,0.7374109961572967,,,0.6687928044440913
947,1001,17,5,0.55,0.2,100,restricted_90,aggregation,0.7371191667626561,,,0.6671775169325306
948,1001,17,5,0.55,0.2,100,restricted_90,aggregation,0.7372868285506723,,,0.6676330786388907
949,1001,17,5,0.55,0.2,100,restricted_90,aggregation,0.7378674447026629,,,0.669013428700816
950,1001,17,5,0.55,0.2,100,restricted_90,aggregation,0.737720902346441,,,0.668236102151023
951,1001,17,5,0.55,0.2,100,restricted_90,aggregation,0.7377829729759197,,,0.6686248789814924
952,1001,17,5,0.55,0.2,100,restricted_90,aggregation,0.7377994499941032,,,0.6693119651655719
953,1001,17,5,0.55,0.2,100,restricted_90,aggregation,0.7381276105864475,,,0.66916636371624
954,1001,17,5,0.55,0.2,100,restricted_90,aggregation,0.7374376890333307,,,0.6681760627202389
955,1001,17,5,0.55,0.2,100,restricted_90,aggregation,0.7373472847503336,,,0.6679878575337018
956,1001,17,5,0.55,0.2,100,restricted_90,aggregation,0.7374081526676164,,,0.6679539169338963
957,1001,17,5,0.55,0.2,100,restricted_90,aggregation,0.737499627558426,,,0.6679182794122384
958,1001,17,5,0.55,0.2,100,restricted_90,aggregation,0.7379385678905189,,,0.6694725376881422
959,1001,17,5,0.55,0.2,100,restricted_90,aggregation,0.7373870247350408,,,0.6678466415768071
960,1001,17,5,0.55,0.2,100,restricted_90,aggregation,0.7377699773210805,,,0.6684178377079465
961,1001,17,5,0.55,0.2,100,restricted_90,aggregation,0.7376834364392032,,,0.6687351191319667
962,1001,17,5,0.55,0.2,100,restricted_90,aggregation,0.7372045319351964,,,0.667476779632721
963,1001,17,5,0.55,0.2,100,restricted_90,aggregation,0.7379629382491265,,,0.6689740375609499
964,1001,17,5,0.55,0.2,100,restricted_90,aggregation,0.7375541736058003,,,0.6686145416454885
965,1001,17,5,0.55,0.2,100,restricted_90,aggregation,0.737715431951171,,,0.6682767746682031
966,1001,17,5,0.55,0.2,100,restricted_90,aggregation,0.7377251146268631,,,0.668509937464879
967,1001,17,5,0.55,0.2,100,restricted_90,aggregation,0.7373702837740091,,,0.6682108493740148
968,1001,17,5,0.55,0.2,100,restricted_90,aggregation,0.7371226109190931,,,0.6673571135358783
969,1001,17,5,0.55,0.2,100,restricted_90,aggregation,0.7374851733546709,,,0.667794782709966
970,1001,17,5,0.55,0.2,100,restricted_90,aggregation,0.7374048904093811,,,0.6679196442693051
971,1001,17,5,0.55,0.2,100,restricted_90,aggregation,0.7376447713166409,,,0.66797901670717
972,1001,17,5,0.55,0.2,100,restricted_90,aggregation,0.7375544664765804,,,0.6678739039415176
973,1001,17,5,0.55,0.2,100,restricted_90,aggregation,0.7374015434922715,,,0.6675879977420043
974,1001,17,5,0.55,0.2,100,restricted_90,aggregation,0.7376519635691976,,,0.6681980506682039
975,1001,17,5,0.55,0.2,100,restricted_90,aggregation,0.7376106946711108,,,0.6681851925332969
976,1001,17,5,0.55,0.2,100,restricted_90,aggregation,0.7372161543913326,,,0.6675183855585334
977,1001,17,5,0.55,0.2,100,restricted_90,aggregation,0.7372548310639859,,,0.6674451196508572
978,1001,17,5,0.55,0.2,100,restricted_90,aggregation,0.7374564281562498,,,0.6675758800037854
979,1001,17,5,0.55,0.2,100,restricted_90,aggregation,0.737126840928158,,,0.6677150581065664
980,1001,17,5,0.55,0.2,100,restricted_90,aggregation,0.737398688735595,,,0.668267552602427
981,1001,17,5,0.55,0.2,100,restricted_90,aggregation,0.7370710605775901,,,0.6679059121627885
982,1001,17,5,0.55,0.2,100,restricted_90,aggregation,0.7375651230963328,,,0.667771664639072
983,1001,17,5,0.55,0.2,100,restricted_90,aggregation,0.7373010745647676,,,0.6674939832640505
984,1001,17,5,0.55,0.2,100,restricted_90,aggregation,0.737336091021169,,,0.6677376064920189
985,1001,17,5,0.55,0.2,100,restricted_90,aggregation,0.7374669033911722,,,0.6680895177966566
986,1001,17,5,0.55,0.2,100,restricted_90,aggregation,0.7378295789898647,,,0.6688623251479967
987,1001,17,5,0.55,0.2,100,restricted_90,aggregation,0.7377942007470375,,,0.6686667184152519
988,1001,17,5,0.55,0.2,100,restricted_90,aggregation,0.7374616854640141,,,0.6676499763901871
989,1001,17,5,0.55,0.2,100,restricted_90,aggregation,0.737538873527648,,,0.6683775761610217
990,1001,17,5,0.55,0.2,100,restricted_90,aggregation,0.7375509969590867,,,0.6684220708728529
991,1001,17,5,0.55,0.2,100,restricted_90,aggregation,0.7376408783400363,,,0.668404851132754
992,1001,17,5,0.55,0.2,100,restricted_90,aggregation,0.7372370150461794,,,0.6674581611723238
993,1001,17,5,0.55,0.2,100,restricted_90,aggregation,0.7376690111694534,,,0.6684657100461796
994,1001,17,5,0.55,0.2,100,restricted_90,aggregation,0.7375002175764579,,,0.6679087691904045
995,1001,17,5,0.55,0.2,100,restricted_90,aggregation,0.7376501014393039,,,0.6678939392156917
996,1001,17,5,0.55,0.2,100,restricted_90,aggregation,0.737401359934203,,,0.6684453190181402
997,1001,17,5,0.55,0.2,100,restricted_90,aggregation,0.7369917628385722,,,0.6675826300243947
998,1001,17,5,0.55,0.2,100,restricted_90,aggregation,0.7376075296352318,,,0.6681813178423142
999,1001,17,5,0.55,0.2,100,restricted_90,aggregation,0.7370878646671406,,,0.6679850404490532
